评论者名字,评论分数,评论日期,评论点赞数,评论内容
鬼鬼de素食,,,0,"""非扫描 高质量文字可选择。"""
OH-,3,2020-03-03,0,"""并没有考虑我这种找不到门的人"""
如也,5,2020-03-03,0,"""是我看过基础教程里讲得最清楚的。"""
Zeds_Dead,5,2020-03-03,0,"""很基础但很扎实的一本书，广度深度都刚刚好"""
回忆秋千,4,2020-03-03,0,"""果然还是C适合我"""
leisurely,5,2020-03-02,0,"""经典中的经典"""
树轮宝典,4,2020-03-08,0,"""推荐Python入门看这本书"""
真善礼,5,2020-03-03,0,"""对基础原理的讲述真的很好"""
阿木林,5,2020-02-29,0,"""确实通俗易懂"""
likeaday☄️💫,5,2020-02-29,0,"""真的不错"""
Player_910,4,2020-02-28,0,"""前半部分所看即所得，感谢B站Lisa小姐姐的视频教程。"""
Mr.Bear,5,2020-02-28,0,"""第一个标记的专业书，Python入门书，读于18_19寒假。"""
un,5,2020-02-27,0,""" @2019-08-24 10:04:05"""
知难,5,2020-03-02,0,"""认真读完的第一本python编程，基础语法讲得很细致！"""
嘴角的包,4,2020-02-27,0,"""好是好，但我不知道为什么要学这玩意儿。。。这会儿拉希德的神经网络也快看完了。我觉得我把时间浪费的冠冕堂皇"""
Oksana,5,2020-02-29,0,"""体验极佳，一个月内刷完来写书评"""
Sphinx,5,2020-02-26,0,"""有趣且有用的教程"""
红豆冰沙,5,2020-02-25,0,"""通俗易懂 有理论有练习有易错点体验 完美入门初级书"""
NgGong,5,2020-02-24,0,"""print('Hello Python world!')"""
妥妥的车轮,4,2020-02-23,0,"""入门，基础教材，学有所获"""
人在江湖飘,4,2020-03-18,0,"""书不错 但翻译好多地方读不通"""
龙荀子,5,2020-03-18,1,"""4.5，深入浅出，特别好理解"""
阿斯巴-甜,4,2020-03-16,0,"""前面内容偏简单，会感觉废话有点多。后面的项目没有跟着做了。不过Learn by Doing 的理念很好。入门书首选"""
🌊 ᎪᎡᎬᏕ ᏟᎻᎬᏪᏦ🐳,5,2020-03-16,0,"""值得一读"""
超弦M,5,2020-03-15,0,"""新手友好，比我之前妄图啃下的另一本书好多了，废话没有那么多"""
Ean,5,2020-03-15,0,"""非常适合入门"""
公子,5,2020-03-15,0,"""入门作品，人生苦短，我用python！"""
Steaunk,4,2020-03-14,0,"""1. 确实是新手入门的好教材，结合代码来看，基础知识部分讲解还是比较透彻；2. 由于距离书的出版时间较远，有部分代码需要修改，特别是项目3中，由于Django的版本不同，程序的写法也不同；3. 由于作者为外国人，书中部分的内容需要科学上网，比较麻烦；4. 这本书内容讲的太浅，还需要结合其他知识学习。"""
BreatheExhale,5,2020-03-14,0,"""终！于！学！完！啦！发现自己真的蛮享受学习的😂 自学能力也真的还可以😆 教材编得特别好，学习过程充满惊喜～开心开心，安利安利！"""
海带皮的皮,3,2020-03-12,0,"""还行有些代码有问题"""
浪漫-诗人,4,2020-03-12,0,"""比较基础，适合我"""
已注销,5,2020-03-11,0,"""作为有c语言基础，两小时看了前十章，讲解的很细致，翻了一下后面章节，又一个小游戏和数据可视化、web应用的内容，算是python应用比较热门的方向了，适合入门"""
akane,4,2020-03-08,0,"""前面python部分的基础教程还不错，就是细节方面没有说的很具体，可以再看看python基础教程第三版的内容。后面的项目实践，由于写作时间较久，没有及时更新，有些语句已经不适用了，需要自行查询，这对新手来说不友好，希望官网能及时更新～"""
追风少年,5,2020-03-08,0,"""有概念，有案例，很适合没有编程基础的人学习，建议配合网课一起"""
input( ),4,2020-03-07,0,"""作为零基础的小白学习，非常的合适"""
青梅酒,5,2020-03-07,0,"""很棒，之前已经用《笨办法学python》打过基础了，所以基础知识部分翻下目录，找不熟悉的复习一下就可以，直接去后面项目部分开始学习。讲的很细致所以感觉一点也不难，就是下新模块然后熟悉各种方法的过程。还有一个体会是hackerrank或者leetcode要尽早刷起来，这本和《笨办法》这样的基础入门书只能让你写出能用的代码，真正提高编程水平、把代码写的简洁优美还是要刷题，我开始看这本书时候hackerrank的easy部分刷到4星，里面学到的好多东西都在这本书练项目时候用上了"""
Jungleblue,5,2020-03-06,0,"""2020.03.06晚。纪念一下 我啃完了😭😭😭我终于啃完了😭😭😭"""
Light_cone,2,2020-03-06,0,"""项目部分还可以，但是基础知识部分实在是一言难尽，不如读文档系列"""
扬轩,4,2020-03-06,0,"""前11章稳妥入门，很感谢。后面的项目只看了数据可视化，思维很跳跃，代码也开始报错。所以决定下一本要看数据分析哦"""
木叶,5,2020-03-06,0,"""17年1月读过，除了游戏，Django项目都做了"""
无风清响,4,2020-04-01,0,"""第一本python书"""
纪年蜀黍,5,2020-03-30,0,"""非常适合入门"""
JasonH,5,2020-03-30,0,"""适用于初学者，已经推荐给非计算机学科的朋友。"""
Oops,4,2020-03-29,0,"""对于编程小白很友好，前面语法的部分浅显易懂，后面的案例目前只做了数据可视化的部分，感觉有些地方讲得不是明白。"""
lqj,5,2020-03-29,0,"""的确不错"""
知了只叫三天▽,5,2020-03-29,0,"""也好看，也好读，也好玩"""
离别之诗,5,2020-04-02,0,"""感觉如果一开始不知道一些面向对象的概念，会看的有些吃力。"""
Sutie,4,2020-03-25,0,"""【2020读书】32: 最近需要写脚本，看了本python入门，扫了前些语法类的章节，实战部分没看。感觉浅显易懂，逻辑清晰，翻译的很好。其中一个笑点：作者说，脚本很容易错，如果实在试来试去有问题，就先出去玩一玩做点别的。-我想说作者你太贴心了，这都考虑到了！抽空总结一下，扫完还记得的内容。"""
源、,5,2020-03-25,0,"""入门极佳，全文连贯，后续想再扎实基础知识的时候可以再回过头来再看看，入门推荐"""
王小东大将军,5,2020-03-24,0,"""非常好"""
moren_jojo,5,2020-03-24,0,"""入门经典 """
星辰,5,2020-03-23,0,"""作为入门很棒，浅显易懂"""
hana,4,2020-03-22,0,"""入门还可以，不如直接看Coursera.com上的Python for Everybody专项课程"""
john powell,4,2020-03-21,0,"""个人觉得这本书并没有python编程快速上手好，当然，两本一起看效果更好"""
bonjour,5,2020-03-20,0,"""我的入门书，没选错。"""
长河落日2971423,5,2020-03-20,0,"""9.4/10python入门最合适的一本书，后面部分没有读完"""
,4,2020-03-20,0,"""入门好书 就算完全没有编程基础也很容易看懂 就是后面实战部分有点鸡肋"""
LODO,3,2020-03-20,0,"""django项目的代码走不通"""
孙子兵法,5,2020-03-19,0,"""对于入门者来说真的是挺好的一本书了，内容也挺详细，其实配合一下视频教程会更好"""
_安瑶,3,2020-03-18,0,"""秒翻完。上面的我都知道啊。"""
曼城十号梅西,5,2019-04-16,0,"""python入门非常好的书籍~"""
叶king羽,4,2019-04-19,0,"""适合没有任何编程基础的人学"""
ZJL,5,2019-04-12,0,"""我当初入门python的第一本书"""
仓鼠先生,5,2020-03-01,0,"""基本上过一遍语法还是很快的，不错的入门书籍！"""
tgs,5,2019-04-11,0,"""入门好书"""
Joule,4,2019-07-07,0,"""要是我的大程序也能py就好了......."""
今日还吹着风,4,2019-08-31,0,"""还不错"""
sky.box,5,2019-06-03,0,"""两周差不多了"""
野良喵,5,2019-04-07,0,"""非常棒的入门教材，包括 Python 的安装到编辑器的下载应用都予以指导，最感谢的是每一个知识点都会介绍该知识点的实际使用场景，这对于初学者才是最重要的—以后能用这个来做什么。很多人会说有其他语言编程经验的可以去看其他教程，你倒是给个『有其他语言编程经验』的定义啊。我自认为是具备编程经验的，但啃《笨方法学 Python》啃得直接放弃了。"""
CM,5,2019-04-26,0,"""基础部分细细看晚了,项目部分没全看完,选看了CV与web的少许."""
Treaser,4,2019-04-02,0,"""大二时看的第一本Python书籍，里面的实战不错。"""
Dean,4,2019-04-01,0,"""对小白很友好的入门版，搭配Learn Python the hard way食用更佳。"""
key_second,,,0,"""真的难，还得看懂英文，靠"""
RayWong,5,2019-03-30,0,"""牛逼。"""
HowarZheng,,,0,"""有Python基础看比较好，对于小白还是不怎么适合。"""
张高兴,5,2019-03-30,0,"""同志仍需努力"""
晒月亮的孩子,4,2019-11-21,0,"""完全基于 python3 语法，对 Python 的基础数据结构 字符串、列表、元组、集合、字典、函数、类，用户输入处理、文件的输入输出处理、异常处理和代码测试进行了简单的介绍。并在第二部分，有游戏开发项目、数据可视化项目和 web 开发项目。我只看了数据可视化项目，它对主要的数据可视化包 matplotlib 和 pygal ，以及 http 通信包 requests 进行了简单的实例讲解。比较适合新手入门 python 语言。"""
Grady_Chan,4,2019-03-28,0,"""学的还行，不过多多少少有点忘了，有空再回顾一次"""
飞天莫吉托,5,2019-05-04,0,"""新手可以无压力入门，但是会有面对一个宏大新世界的无力感"""
苍穹之泪,4,2019-03-25,0,"""迅速刷了一遍。第一部分太简单，第二部分项目很有意思，但不够深入。"""
Wilhelm,5,2018-02-27,0,"""书本内容简单，清晰！时分适合python3的入门。内容比较新，书本最后的3个项目很有用！"""
appleleaf,,,0,"""破书一本"""
那就再抱一下,5,2017-07-11,0,"""读完这一本，感觉还不够。"""
青石,4,2017-06-19,0,"""主要看的是英文版，前面小部分看了英文，只适合入门"""
小木爱睡觉,4,2018-09-22,0,"""很好的入门书"""
浪人,5,2018-01-30,0,"""除了django部分都自己敲了一遍，入门友好书籍"""
euro,5,2017-04-04,0,"""流畅，清晰，好书"""
Hi,5,2017-04-09,0,"""4.5 对编程小白来说入门简直完美...0.5扣在习题设计..."""
Forgotten.K,5,2017-03-29,0,"""除了Heroku需要翻墙之外，所有的例子都可以动手实现，python入门好书。"""
木瓜扫晴娘,5,2017-03-23,0,"""入门书，生动有趣，看起来不累人而且很好玩。推荐！"""
xiao爱,5,2017-03-22,1,"""非常好的Python入门书籍，讲解的很细致，难得的是翻译和印刷质量也非常好，建议手打一遍代码，实在懒的话，作者在github放了所有的源码！"""
isii,4,2017-03-22,0,"""科班出身的教师编写，非常适合初学编程和python的萌新，去掉了繁杂的知识点，可能让你无法获得进阶提升，但对于入门书籍来说，当你翻开书，开始读起来的时候，欲罢不能，因为很简单也很有趣，python真的是大道至简。"""
Bella热爱生活,5,2017-04-21,6,"""看完前十章才发现这是一个宏大的世界，而我向这个世界走出了天真而稚嫩的一小步"""
海若,4,2017-06-26,34,""" 20170626阅毕，编排比较合理，后面加了三个实战项目挺不错。作为入门还行，学习笔记：https://github.com/hairuo/LearnPythonCrashCourse"""
Greensleeves,5,2017-07-10,0,"""很友好的入门书，项目没有做完,只选了自己感兴趣的部分实现了一下。"""
来吧果粒橙,5,2017-03-10,0,"""真的很耐读"""
人丑就该多读书,5,2017-03-07,2,"""无敌爆炸螺旋强力推荐！HeadFirst一边去=)"""
[已注销],5,2017-02-28,0,"""挺好的一本入门书"""
仙林吴彦祖,4,2017-02-27,0,"""入门教材，适合高中生"""
[已注销],4,2017-12-07,1,"""好用的入门书。"""
七分之二十二,5,2017-07-01,0,"""很棒的一本python入门读物。本书和其他python入门书的很大区别在于，后半部给出几个很棒的实践案例，分别为游戏制作、数据可视化以及网站搭建。本书并未涉及到装饰器等高级知识点，需要其他书籍补充学习"""
从小就有忧郁的,4,2017-06-29,0,"""适合我这样的新手，看完之后学会了怎么点pizza"""
胖狐狸,5,2017-06-26,0,"""基础部分讲解恰到好处，不多不少，实践部分，以项目为模块，很好的练习了常用的模块"""
Ryan™,4,2017-09-01,3,"""入门好书，真的是手把手教你写，就是涉及的内容太浅了，有基础的童鞋就不用看啦"""
李墨白,4,2017-06-19,0,"""理论+实践，很适用入门的书，后面的例子很详细。"""
Nakamoto,5,2018-10-29,0,"""入门神器"""
SomeoneElse,4,2017-06-12,0,"""这本书面对的是没有其它编程语言基础的初学者，非常不适合想了解一下Python的有经验的程序员。"""
None,4,2017-06-09,0,"""入门可读"""
东京湾,4,2017-08-21,0,"""不错的实例入门书"""
qq435248055,4,2017-05-31,0,"""没看过其他的Python教程，不敢乱评价。没看完，看了点觉得写的有点低龄化，题目好智障啊"""
青象,5,2018-01-29,1,"""入门很好的书"""
怪怪滴,4,2018-07-18,0,"""很好的Python3入门教程。"""
ven天堂制造,4,2017-06-08,0,"""py 一波"""
Frantic_rain,,,0,"""不只是python入门，简直是编程入门。稍微有点编程基础就真的可以一目十行了..."""
一意孤行,5,2017-05-23,0,"""超级入门级."""
Clark,5,2017-05-20,1,"""非常好的入门书，还有具体的实践例子，作为一个使用python 十几年的工程师，强烈推荐初学者阅读"""
我的涼子,1,2017-05-08,0,"""一群水军"""
逸世凌虚,2,2017-05-15,1,"""对任何上过必修 C 语言的本科生都不适合。太幼稚了。大概适合那种完全零基础的社会人员。。"""
尚尚,4,2017-05-07,0,"""入门很详细 程序员的话不要读了过简单"""
Cievert,5,2017-06-17,0,"""友好度非常高的入门书，不过也有可能是因为我C++先入为主带来的错觉..."""
Vmpy,5,2018-02-14,0,"""Python开发游戏，实在是鸡肋！"""
hello world.,5,2017-08-16,0,"""主要学习了类这一章节"""
KISHI,4,2018-11-17,0,"""细致"""
Kuang,5,2017-10-17,2,"""啰嗦” = 详尽。这部分地方其实可以跳过不看，如果有不懂的地方，“啰嗦”部分又能为你解疑。而且书中经常举例说明某个知识点的用途，感觉很受用，不枯燥。所以说，对于零基础者来说，这本书很棒。"""
五十梦幻,3,2017-08-24,0,"""讲述了Python的基本知识外加3个简单项目，对我而言，那个网页项目有一点点收获。"""
liukailun,4,2017-08-05,0,"""确实是面向初学者的书。前半部分很多形象的例子帮助理解编程基础，后半部分是3个项目，可以很快上手。但是内容不够深，想更深入学习python还得看其他书。"""
Ringo,5,2017-08-05,0,"""是市面上相对比较少的Python3的入门书，感觉讲得简单易懂；购于2017.08.03；2017.08.03开始看；2017.08.05看完第一部分(基础知识) 用时 5h 43min"""
C.C,5,2017-08-04,0,"""学习不同语言，入门专用"""
SilverYoung,5,2017-08-02,0,"""这本非常适合入门，我看了两本非常好的python的入门书记，这是其一。基础结合项目，非常实用。"""
keeNan,2,2017-07-31,0,"""本来想从这本入门python的，但还是被老师逼着直接上手了。入门新语言还是需要一本这样的书来快速了解吧，没读过别的，不做评价"""
铁狗,5,2017-07-21,0,"""适合新手入门，通俗易懂，讲的不深。Geany里使用中文的话，要在第一行加上#coding=gbk"""
白客,4,2019-09-11,0,"""读过一部分，但是对python还是不能入门"""
Lance,5,2017-11-18,1,"""最佳入门"""
饭饭,5,2017-07-13,0,"""真正让我Python入门的书，作为一个真零基础，在踩过廖雪峰博客和40个G的Python视频这些坑之后，发现还是老老实实对着基础教材学一遍，把习题都做完，再去学习高级知识比较好"""
River23,4,2017-07-13,0,"""比较容易上手"""
昊天,5,2017-07-13,0,"""入门虽好，但很多高级知识没讲到，还是挺遗憾的！"""
Total_Eclipse,4,2017-07-12,0,"""这本书对python基础部分讲的很好，很清晰的告诉你哪些地方会有坑，让你摩拳擦掌想开始实践。但后面三个项目一个是游戏编写，一个是数据分析，一个是web编程，感觉不是特别适合我。入门的话，个人更推荐另一本python编程快速上手。人民邮电出版社的这一系列书质量真不错。"""
野草,4,2018-04-25,0,"""入门好书。"""
Mr.Nobody,3,2019-11-01,0,"""太啰嗦了，太太太基础了，感觉是给小孩看的"""
ringolip,5,2017-07-17,0,"""Python入门最好的书了"""
[已注销],5,2017-10-06,0,"""通俗易懂，另说一句这本书翻译得真好。"""
迦巧,3,2017-11-13,2,"""这可能是 Python 入门书籍中最简单清晰的一本，基本也没有一本更简单的书带你入门了。"""
辛酉,5,2017-10-03,0,"""入门最好的教程之一"""
楞莲凌赖,5,2017-09-27,0,"""看完了基础，相当平易近人但又有点太浅了，希望后面项目能更深一点"""
PyApi,3,2017-09-26,0,"""太入门，适合完全沒编程基礎的"""
kobesaon,5,2017-09-21,1,"""真真正正的入门书籍，而且讲解的很详细，新手可以毫不犹豫的入手了，看完这本书再去看廖雪峰的Python，相比直接看廖大大的教程，这样更轻松https://www.liaoxuefeng.com"""
深白,4,2017-09-20,0,"""内容很浅显，适合小白。"""
滋味,5,2017-09-18,0,"""对刚接触python的人来说特别合适，里面详细介绍了如何搭建环境，如何开始写第一行代码"""
自娱者小五,4,2017-09-14,27,"""架构非常漂亮，基本一本书描绘了Python的一幅“景象”，它不是教科书式的分章节阐释语法，仅在前半部分讲到一些基本的表达（如果已经有面向对象编程基础的，就只剩下语法问题），后面的三个操作案例分别是游戏开发、简单的数据可视化和web应用，没有太复杂的概念延伸，入门可，但基本不会重读"""
如果岁月可回头,4,2017-09-11,0,"""一般吧 难度不高 还没够到Python的门槛"""
[已注销],5,2017-09-04,0,"""开头几章入门简直完美！"""
五月天的小迷弟,5,2017-09-03,0,"""零基础，完全零基础艺术生一枚。最近考虑转行学了这个，真的对新手太友好了，完全看的懂。不过学到django那一章节就看不懂了。好像要和前端相关"""
蛋蛋1018,5,2018-01-12,0,"""Python入门很好的教材"""
小尘埃,4,2017-10-31,11,"""理论部分看完，实践部分没做，感觉确实不适合有基础的人。讲得很细，不过内容比较基础。简单，所以没动力操作。"""
thread,5,2017-12-30,0,"""#1.暑假做了前8章，后边就上学没再继续/清晰易懂还可上手操作，特别适合打基础"""
chainsw,5,2018-10-03,0,"""简明易懂，适合入门。"""
霞光,5,2017-08-20,0,"""真是入门书啊~"""
拓扑,4,2017-08-19,0,"""基础的入门书，手把手教习，适合没有其他语言基础的自学。不然的话可以精简到几十页。"""
梅林,4,2017-08-17,0,"""2.0的版本"""
半研墨,4,2017-08-15,0,"""和隔壁《python编程快速上手：让繁琐工作作自动化》一起，是零基础入门python的最佳读物。"""
荧惑守心,5,2018-10-10,1,"""工作需要，复习一下语法，多本书中这本应该是写得最好的了。"""
七里香,5,2017-10-28,0,"""这种书不仅仅是python入门，也是编程入门书，有点基础的人看肯定不好，如果你一点编程不懂，从这本书开始学起是最好的"""
牙擦苏,4,2017-12-01,0,"""入门不错，挺好的。"""
Aurelius,5,2018-08-05,0,"""很棒"""
SEVEN,4,2017-10-26,0,"""入门必备"""
沿长线,5,2017-10-23,0,"""python小白入门之书，前面是基础部分，后面是项目部分，给力之作。"""
花间plz,5,2018-06-14,0,"""人生苦短，我学Python。"""
一只海豚一条鱼,4,2017-10-21,0,"""封面扣一星"""
光州王弱水,4,2018-02-19,0,"""很入门⊙﹏⊙"""
HD,5,2018-06-12,0,"""花了一天翻完了第一部分，对于编程零基础小白来说是一本好书，本书最大的特点是project-base，不是纯粹的语法书，使读者能明白这些东西在实际编程中可以用来做什么，并指出一些容易出错的地方。但是也仅适合小白，因为这本书的内容并不全面，像内存管理，作用域，包，MRO，staticmethod，classmethod，装饰器等话题都没有涉及，如果是已经熟悉其他编程语言的，不建议看这本。"""
啊德德,5,2017-10-17,0,"""救我于水火之中"""
张云路,3,2018-02-11,0,"""虽然教得不太好，但后来再看，还是有些可以参考学习的点"""
子非,5,2017-10-15,0,"""很适合入门的一本书，中间并不涉及一些关于算法的例子，不会给初学者带来额外的阻力。内容是纯知识性的，整本书看下来，有关于类，继承章节有点困惑外，其它基本都能看懂。但涉及到的拓展并没有指出，比如字符串的方法，list的方法，pygal各函数的说明，需要自行查看了解。"""
我真可爱,5,2018-03-10,1,"""就不能不放个蛇在封面嘛……怪吓人的"""
miaoying,5,2018-10-03,0,"""很好的一本入门书，但是要勤加练习啊"""
xccx,5,2018-01-16,0,"""确实非常适合初学者"""
本本,5,2017-10-10,0,"""据说是最适合 python3 的入门书了，还算好懂，还是要多练"""
敬爱的Ezio大叔,5,2017-11-04,0,"""内容很“温柔”像是给孩子讲python 逻辑性也很好，后面的项目部分没看"""
风逝,5,2017-10-09,0,"""很好的一本Python入门书，很详细。"""
Bodhin,5,2017-10-08,0,"""书如其名，从入门到实践，在入门书中值得推荐。"""
iii,5,2019-11-17,0,"""我为什么要标记这个。"""
空条摸鱼强,5,2017-12-02,3,"""真的非常入门级，因为以前学过一些其他语言所以能意识到有些理解性概念没有讲…但是手把手教！非常友好！主要用后面的实践部分搭博客了…但是多说开发者跑路，所以又有点想抛弃hexo…）"""
yuedong,,,0,"""很友好的入门书"""
江心乱影,5,2017-12-02,0,"""编程小白的入门书籍，不过我感觉如果你是为了办公处理文件的话，还是更推荐另外一本《Python编程快速上手》。如果学着玩，这本书很好了，后面有三个项目与基础语法部分是结合起来的，实用性很强。"""
Sk·Tj,4,2017-11-26,0,"""入门"""
Sunny Day,4,2017-12-12,0,"""讲的很好，对于小白也很友好，这本书让我认识到课后习题的重要性，通过做习题，能提高语法的掌握使用能力，只跟着做了项目一，将来有空将其他两个补上"""
麥苗,5,2017-11-25,0,"""认认真真的看了基础部分，每天新内容+整理文档+复习前天文档+练习实践……可以说非常有收获了，后面断言部分，可能书太旧了？？之前有学过selenium部分Python编码，运行不起来需要加一个函数耶~后面实战部分还没看……"""
喵呜,5,2017-11-22,0,"""额。。完全是小白入门级的书啊。。稍微有点编程基础读起来很快的。。"""
PhosphenesRay,4,2017-11-17,0,"""当初怎么会选这门课的……"""
朱皮特,3,2019-09-14,0,"""速读，直接下载书中的几个项目源码学习比较好。https://github.com/ehmatthes/pcc 从12章开始之后的源码看起"""
混色魔方,4,2019-08-24,0,"""入门不错，后面大篇幅的项目推荐有选择的看"""
云水之遥,4,2019-04-13,1,"""最近把这本书和李笑来GitHub上的python教程都读了一下。我习惯于多本书相互印证，追求全面性与框架。现在终于感觉自己入门了，觉得Python入门的东西真的就是那些概念。入门之后拿它来做什么就是很多不同的方向了。比如用Python来做数据分析，之前也只是简单的了解了一下pandas和pyecharts，后面要深入，就要涉及很多统计与数学的东西了。真的是学无止境。"""
Lyndon,4,2017-11-09,0,"""入门级，适合较少编码经验的同学读。"""
MuBaiOS,2,2017-12-16,13,"""厚厚的一本书，本书的内容基础而且全面，适合纯小白看，但我还是觉得不要盲目的学习，你要为了解决一个现实中的问题才去学这个东西。不要盲目的一页一页啃书。"""
莫小白,5,2017-11-07,0,"""前半部分讲概念深入浅出，要言不烦，很赞"""
涣远,5,2018-01-22,1,"""基础部分通俗易懂，项目部分很鸡肋。前面简单的篇幅短点，后面项目详细点就好了。//Web API请求过频繁会10054错误，要过一段时间再连接。//Django升到2.0，要用新的语法"""
~x小确肥~,5,2017-11-04,0,"""这本书讲的很基础，作为小白很受用。关键是下一本用什么呢"""
V,4,2017-11-04,0,"""入门书籍"""
spy_dev,5,2017-11-06,0,"""不错的入门书籍，就是后面的项目有些鸡肋，其他的都不错。"""
kingleoric,5,2017-11-02,0,"""通俗易懂，入门必备，最好的python入门，没有之一"""
马亮,5,2018-01-02,0,"""完全啃不动"""
心太大漏风,5,2018-01-01,0,"""对编程零基础的人非常友好！当你对某个领域非常了解后，很难从毫无基础的人的角度编写一本书，可能你的一个词，一个缩写，一个理所当然对他们来说都是陌生的。我就是这样的零基础，很喜欢这本书。已看完。"""
寒蝉夏虫,5,2017-12-31,0,"""适合有一定编程基础，并且向学习编写项目的程序员。"""
阳光啦啦啦3,,,0,"""·哈！毕业设计老师推荐！💪(´◔‸◔`) 刷了一遍，查缺补漏。"""
JOJO,5,2017-12-27,0,"""2017年初立的flag，所幸很好的完成了。并且在技术工具方面今年还学会使用Climate Data Operators (CDO), vim, 以及学会run小型模式 Linear Baroclinic Model (LBM)。Linux编译部分基础有点差，只好排在18年提高了。"""
爬,3,2019-03-01,0,"""我觉得其实不怎么好，有的太浅有的又太深，搞得云里雾里的"""
NoCage,4,2017-12-24,0,"""讲的很详细，非常适合当入门书。后面的几个项目作为新手练习项目很不错。还有，书上Django用的1.8，稍微有点过时了。"""
superzz,5,2017-12-24,0,"""挺棒的一本书，正如有豆油评论的逻辑上没有很大跳跃，编排合理。再加上适当的程序与项目，好书吧。适合入门而且编排真的不错"""
夏至,4,2017-12-23,0,"""前半部分基础知识查漏补缺，但写得不够详细，有遗漏。后半部分大篇幅的Python应用有些多余，完全可以简略描述，不用列那么多代码出来。读者如果有兴趣了解这些应用可以看其他书。"""
SaintLeger,3,2018-02-12,0,"""真的只是入门，中规中矩的教科书。某些细节不太清楚。后面的例子简单也覆盖的维度比较多。编程主要是实践和快速学习啦~"""
William_Shi,5,2017-12-18,0,"""看过赫特兰的《Python基础教程(第2版)(修订版)》，总体感觉还是这本书最适合入门，墙裂推荐。"""
AustinXT,4,2018-10-21,0,"""入门教材"""
若水三千,5,2017-12-17,0,"""应该不错。"""
maskmit,4,2017-12-14,0,"""后面三个项目 相对于前面的基础章节铺垫 有点跳跃"""
炎又一,5,2017-12-13,8,"""推荐做量化史学研究和实证政治分析的同仁每人啃一遍。"""
heator,5,2018-01-13,1,"""反正我学得飞快"""
paul,3,2017-12-09,1,"""中规中矩的教科书，零基础的看了依旧看不懂。"""
轩辕拾銉,5,2017-12-08,0,"""清晰简单的书，入门很不错，前半基础，后半作业. 二周目, 最后大作业, 只做了 外星人, 别看代码不多, 跟着走一遍还是要花点时间. 讲解很清晰, 循序渐进, 思路调整和程序的演进讲的很清晰, 重视思路本身, 是本好书."""
xiao雨痕,4,2017-12-14,0,"""确实很不错，虽然不太适合现阶段的我"""
张成容,4,2019-03-30,0,"""第一部分的基础看完了，算是入门了，后面的数据分析部分看的其他的书，还行吧，不过IDE还是别用书里的，直接用pycharm吧"""
矜悯,5,2018-01-22,0,"""有点偏简单了，有基础的读起来有点，emmm。。。"""
信心不逆的熊宝,4,2018-04-17,1,"""至从alpha go战胜李世石后，突然觉得人工智能好像有戏了。于是很想知道未来学家们所说的”奇点“会不会到来。如果在我老年，它突然出现，我还能理解它吗？于是很想知道这一些怎么来的？从内部来说，这些构成人工智能的程序到底是什么意思？一行一行简单的代码如何完成一个复杂的任务的，突然随着复杂度的提高貌似程序拥有了人类的一些能力，甚至更强。这本书还算有意思，让我大致了解了python编程到底是什么意思，假装在编辑器上写上几行代码，甚至超越了hello，world的水平。连智商只有50的老夫都学会了list、字典啊、各种条件判断呀、奇怪的函数呀等等。真是一本step by step的好教材。不过，人懒了，最后的案例没有敲出来。"""
飞天猫,5,2018-12-30,0,"""之前读完忘了mark……非常好的入门书，居然让我把一直学不会的python捣鼓起来了，虽然现在已经从入门到放弃了…………"""
OldogoblO,5,2019-02-16,0,"""小菜鸡看了都说好"""
味瓙,5,2018-01-17,0,"""https://ehmatthes.github.io/pcc/updates.html 这本书有更新内容的，很多库是有变化的。 只不过没有翻译的"""
小黄鸭,5,2018-07-02,0,"""浅显易懂～并且有详细和可操作的案例，完全可以抄着执行，而且定期会重构代码，让读者反思"""
Antennin💙,4,2019-03-11,0,"""二读"""
等秋叶,5,2018-04-01,0,"""入门佳作。浅显到位不废话。"""
黄老板,5,2018-01-15,0,"""难买。慢慢重复。总有一天会厉害的"""
暗影小克,4,2018-01-13,0,"""python入门读物，适合快速看一遍入门"""
小C,4,2018-01-13,0,"""python入门书籍，推荐，基础知识讲的很详细，后面还介绍了python的3个应用场景"""
大米,4,2018-01-11,0,"""相对简单，适合python入门"""
五,5,2018-01-11,0,"""对我而言实在太有用了吧"""
靓仔至尊宝,4,2018-01-10,0,"""确实是很小白的一本书，如果不是纯小白还是直接看官方文档吧"""
myqijin,5,2018-01-09,0,"""灰常好的一本入门，里面的例子都较简单，讲解又比较详细的，对于我一个小白来说能立即上手。里面某些练习还是有些难度的，翻译有些问题，有几处看不懂，网上去查了才知道是怎么回事。师傅领进门，修行看各人，还有很多东西刚接触不懂，需要慢慢补齐。"""
掌柜的店,4,2018-01-06,0,"""入门级的书，但Python的语言特点并没有讲透，但练习项目的话，可以考虑"""
轻轻吹风,3,2018-01-30,0,"""同事推荐的，但也太基础了......"""
车天阳,5,2018-08-19,0,"""很好的书,适合入门,讲的不难."""
Spike,3,2018-01-03,0,"""内容太浅显，个人认为不适合有其它语言编程基础的人"""
heavensbj,4,2018-02-20,0,"""入门级的好读物，但有的点上不够浅显和系统"""
墨尔索,5,2018-02-23,0,"""看了八九章了，很棒～简单易懂"""
小基基,2,2018-03-28,0,"""勉强入门，废话很多，内容不够详细"""
Young_Leez,4,2018-02-11,0,"""复习python时看的，扫一遍很快的。"""
Madol,5,2019-03-16,0,"""通俗易懂、非常友好的python入门教材，对编程一窍不通的我也能耐着性子一点点琢磨下去。。。"""
Ashken,4,2018-02-28,0,"""适合编程初学者，讲解较为细致，且后半部分章节具体项目，能较好地引导读者过渡到实操环节。"""
liaoxiNo1fw,5,2018-02-05,0,"""基础部分通俗易懂，后面项目部分也比较实用"""
_浮生若梦,5,2018-02-04,0,"""可以说是相当友好 内容又清楚的一本书了 但是项目里有些代码照着抄也报错也是没辙"""
今天我不生气了,5,2018-11-19,0,"""强烈推荐！非常好的Python入门书！"""
零下三十度的雪,5,2018-02-04,0,"""极好的Python编程入门书，简单易懂，适合零基础"""
尺狗夏游,4,2018-02-04,0,"""1-11章 我的第一本编程入门书，还不错"""
神秘公主,5,2018-07-30,0,"""一般只会在stackoverflow也没啥结果的时候refer一下 但是确实是非常棒的书 有空（能有空吗）还是要好好细读"""
巩庆奎,4,2018-05-15,0,"""pygame实例 """
qiurenbo,5,2018-02-06,0,"""一档起步没毛病"""
Ryu Isann,5,2018-01-31,0,"""初中生高中生可以看懂的一本python书，难度很适合刚开始学编程的同学们。不过也只是入门了，需要学的更深入还得多打代码，多看点别的书籍。总而言之是一本很好的书，学了python之后连matlab都很少用了（其实是因为matlab打得不好）。"""
Liy,5,2018-07-13,0,"""适合入门"""
程智,5,2018-02-20,0,"""对这本书的喜欢套用村上的话就是喜欢这本书就像小熊喜欢在绿油油的草地上打滚"""
boy,4,2018-01-28,0,"""有点学习的欲望，不知道能不能有耐心读完"""
杨正浩,4,2018-01-26,0,"""很棒的python入门书"""
LorenzoYc,4,2019-01-30,1,"""请问这本书看完后，下一本应该是看什么？有推荐的么？"""
toby,4,2018-02-09,0,"""适合入门"""
mr_oliver_bian,4,2019-08-10,0,"""是够入门级的，初学者看挺好。对标多大的csc108这门课，很基础。"""
无法言说,4,2018-04-26,0,"""挺好的入门书，但是看完其实对很多概念还是含糊不清。。。不过已经很优秀了"""
见一叶落,4,2018-09-04,0,"""非常适合入门"""
Hopsin_H,5,2018-03-08,0,"""本来决定一个月读完，最后拖拖拉拉还是学了快两个月，但无论如何，还是给自己点个赞，至少坚持下来了！从今以后，不断努力吧。"""
sep,3,2018-03-26,2,"""看了一遍还是不会写，有个概念而已"""
i,5,2018-03-08,0,"""很适合有点基础的人，纯小白的话，建议先看《苯方法学python》"""
yimengtianya1,5,2018-03-06,0,"""思路非常清晰，适合新手入门。"""
锌锗钨,5,2018-03-09,7,"""讲解全面，许多小细节都有顾及，三个小项目受益匪浅。2018年3月9日22点53分，我正式完成了书中的三个小项目，好兴奋~~ 书很好，向正在学习Python的小伙伴们问好~ 加油啊~"""
杯茉亭,5,2018-03-01,0,"""唔……在豆瓣记录技术类书籍是不是有点奇怪……算了就这吧！"""
柚子皮,,,0,"""期待（小可爱我）python入门的后续……"""
余生请指教,5,2018-02-27,0,"""很好的一本书"""
杨飞,4,2018-02-25,0,"""习题答案：http://blog.csdn.net/qq471011042/article/details/79368237"""
混沌江火,5,2018-02-23,0,"""python入门必备！浅显易懂，循序渐进的教学，辅以游戏实例和数据处理实例教学，可以十分容易入门python。此外也可以作为案头工具书"""
raDoris,5,2018-05-09,1,"""对真正的0基础（计算机小白）我觉得非常棒！虽然看完后你会发现非常简单，但是看书和做习题的过程能增强自己的信心哦！！！"""
关山南,5,2018-04-12,0,"""很好的一本入门书，书中有几个实战项目，选了一个来做。做完之后很有成就感，也确定下一步的学习计划。"""
羅卜丶球球球,5,2018-02-22,0,"""有些java基础选了这本书作为入门，很不错，读起来也没有压力，一步一个脚印，有些地方没有细讲。后续准备接上流畅的python，加油"""
鼬,4,2018-02-21,0,"""你的第一本python当之无愧，基本都能看懂，入门绰绰有余"""
michi,4,2018-02-20,0,"""非常好的入门书，用一个个示例串起基础知识，每行代码都有解释，边看边操作，学得很快。但缺乏系统性，很多基本概念没有深入解释，再配合一本系统性强的全面手册就很好~"""
林夕D,5,2018-02-19,0,"""经典中的经典，很棒的入门书，只阅读了数据分析部分，感觉很棒，但是却没有练习，很多东西知道，却不熟"""
Anonymo,5,2018-02-14,0,"""时隔一年终于码完。。。还要继续加油啊。。。"""
悸动,5,2018-04-01,0,"""简要清晰，后半本可以不看。"""
八点钟有骨气,5,2018-07-31,0,"""看过的Python新手教程书中，最好的一本，言简意赅，让你一下子就明白作者想讲什么。前半部分是对Python的基本认识，后半部分是运用Python三个库的内容来完成三个项目。"""
ももさん,3,2018-12-14,5,"""章节安排合理，手把手体验式。但完全不涉及高级机制，是对计算机零基础者的入门书。有编程经验的，不如直接刷廖雪峰，或者《Python核心编程2nd》的第一部分，然后直接开项目。"""
andrewcao95,5,2018-03-29,0,"""Python最好的入门书了吧"""
笨笨鼠,5,2018-12-27,0,"""看了接近一周终于把part1看完了，part2和前面遗留下来的作业新的一年再补吧…"""
麦田Xu,5,2018-04-15,0,"""实在太棒了"""
四年之殇,5,2018-03-23,0,"""讲解不错，适合入门，但需要其他书籍补充"""
不许闹猴,4,2018-03-21,0,"""Python3，基础语法写的还不错，Django框架内容好像过时了，各种错误。"""
深海鱼男,4,2019-07-04,0,"""后边的项目没看。"""
付铂PtF,4,2018-03-21,0,"""很基本的入门，对python的一些特殊用法没有过分使用。同时有很多平易近人的实力，感觉很适合完全零基础的人入门。学习坡度小。"""
沐风,5,2018-09-21,0,"""这个语言很有趣。"""
Alamo,5,2018-03-21,0,"""巨好看，在自习室两个通宵看完"""
hello_anybody,4,2019-08-06,0,"""读完了第一部分"""
罗谨深,5,2018-03-18,0,"""简单，适合入门"""
七弦,5,2018-06-03,0,"""第一部分是基础知识，概念讲解的时候附带了很多例子，有时候就容易对着某一句话开始钻牛角尖，这本书在该详细的时候基本不会一笔掠过，看起来很舒服。第二部分是项目，一共三个项目（小游戏/数据分析/web），目前正在慢慢敲第一个游戏项目，游戏项目分为三章，把一个一个功能往上加一点一点优化的过程给模拟了出来。我觉得通过项目确实能对自己想拿python做什么有个浅薄概念，至少敲游戏这个项目的工程中，我觉得我可能不太会想用python去写个完整的应用……"""
Noth'am,4,2018-03-16,0,"""不错的入门书，对语法、数据类型有初步的连接"""
PM_BA_ZN,4,2018-08-29,0,"""  暂时收起来，我对编程的兴趣目前没这么高，目前对人际关系及人际沟通很感兴趣"""
不安的霸工程师,3,2018-03-12,0,"""我之前只写过matlab，感觉这本书理论部分不扎实，很快就看完了，但留下的很少。到后面实践部几乎只能照着抄代码，勉强能看懂。"""
登为峰,5,2018-04-14,0,"""确实学到了不少东西，很适合初学者，但是后面的数据可视化和web项目有些代码没有交代语法，看起来有些费劲，但是读完了就有收获。打算以此为基础进一步学学爬虫，说不定哪天就用上了，最后，祝自己好运。"""
泪流满面的感动,5,2020-01-05,0,"""很好的入门书"""
KAHZ,4,2018-05-03,3,"""内容不错，对小白来说，唯一的问题就是遇到问题不知道怎么解决"""
行简,5,2018-05-02,0,"""非常棒的Python教材，很适合入门，讲解细致，还指出了相关代码得可能应用场景，习题也编得挺好的。"""
Carpe diem,5,2018-04-26,0,"""很棒！适合入门基础学习"""
睡觉有益健康,5,2018-04-26,0,"""我的第一本python，内容易懂，非常适合小白入门"""
脾气不好的Ryan,5,2018-04-25,0,"""作为一本Python入门书，清晰明了、通俗易懂，的确适合我等非计算机科班出身的小白学习。"""
祝天宏,5,2018-04-24,0,"""入门真好"""
Hephaestus,5,2018-04-23,0,"""python入门书，通俗易懂，后面还有实战演练，推荐给每个想学py的人"""
杨飞宇的小娇妻,5,2018-08-05,0,"""以后也会经常翻阅的"""
云在青天水在瓶,4,2018-06-01,0,"""适合入门，翻起来飞快。"""
小泽,5,2018-04-19,0,"""非常适合小白入门。对于有编程经验的人来说，了解一下就可以了。挺基础，蛮简单的，将被纳入高考科目"""
光影时分,5,2018-04-18,0,"""很不错的入门书 从基础到简单进阶"""
／人◕ ‿‿ ◕人＼,3,2019-06-21,0,"""适合入门 感觉django好难用啊 """
承天寺张怀民,5,2019-02-25,0,"""作者很有耐心，一点点带你入门。／20190223假期看完了基本部分，项目没看，希望有时间再看吧。"""
西瓜里的南瓜,4,2018-04-13,0,"""是一本很好的入门书，浅显易懂，基于python3，也讲解了和2版本的差别，一半的内容是基础知识，后一半的内容是讲三个练手项目。"""
dwm,5,2018-08-31,0,"""非常适合上手，手把手叫你写代码，循序渐进，一行一行修改，后面的web开发部分有点难懂。"""
夏目れいこ,5,2018-11-15,0,"""非常好的python启蒙书！！！强烈推荐！我搜了好久看了各种推荐最后买的这个真的没有令我失望。虽然其实现在大学选了cs的课教的进度远远超过了它教的随意也没什么用了，但不管怎么说如果自学来讲还是非常推荐它lah！"""
Jerry Xing,4,2018-04-03,0,"""入门真是极好 但是讲的不深入"""
北向北归,5,2018-04-02,0,"""看完cpp primer然后转来学python。这本书看得我老泪纵横OTZ.. 这tm才叫教程啊！ 人生苦短 我用python！"""
wpeng326,4,2019-09-09,0,"""入门好书，里面的项目还是要做两遍才能理解"""
[已注销],5,2018-04-02,0,"""对于一个初学者而言，这本书没有废话铺垫叙述，直接从干货入手。物有所值，推荐初学Python的同学从这本书入手。"""
ldphmx,4,2018-05-28,0,"""读完了，花了两周时间，浅显易懂。不过说实话，有的地方有点点啰嗦。不过考虑是给纯小白的书，可以理解。"""
盛昂,5,2018-05-26,0,"""我记得标记过呀，怎么没有了？"""
金天威,5,2019-09-01,0,"""大二教科书"""
巴巴拉小魔仙,3,2018-08-28,0,"""还是需要更多训练呐"""
TimeCapsule,4,2018-05-23,0,"""入门的好书！"""
[已注销],5,2018-05-23,0,"""这本书能让让你初学python时产生强烈的成就感。入门的话可以推荐它。"""
八十手玫瑰,4,2018-07-21,0,"""入门类的书总是如此可爱，但是这本阐述到了动态语言的本质，这对很对刚入门编程的心思是友好的。"""
米纳米,5,2018-05-20,0,"""这本书太好了，一半是规则讲解一半是项目，讲解得清楚项目也很实用，超级适合入门或者进阶的入门。就是第十六章 pygal 的东西有些在这本书出版后更新了，需要上网看最新的文档。"""
Yablon,4,2018-05-20,0,"""工具书，具体编程方法都是在实践中学的。"""
Ash,2,2018-05-16,0,"""不懂的可以看看，不能当工具书来用…整体有点烂，后面django根本就是花架子，而且代码老旧…"""
天青,3,2018-05-16,0,"""语言简洁易懂适合初学者，如果在细节方面再精致一些就更好了。"""
stayhungry多斯,4,2018-06-03,0,"""#已看完前半部分，后半部分项目实战以后看#适合入门级选手看，比较基础，讲的通俗易懂。"""
天使爱美丽,5,2018-11-08,0,"""唯一一本看进去的python书，超适合入门"""
欧阳杼,5,2018-08-02,3,"""前面章节都认真练习了一遍，后面三个小项目等以后再晚用到的时候再看。这本书最适合有其它语言编程基础的人快速入门用。当然练习的时候最好自己能举一反三，这样学得更快。"""
霜降,5,2018-10-05,0,"""入门很好"""
周周侠,5,2018-05-11,0,"""的确是一本非常难得的入门书，非常适合新手。强烈推荐！"""
punkciber,5,2018-05-10,0,"""比较起21天就是一些简单练习啦，没有系统的对玩蛇的历史和架构做到认识，还有就是只有方法，没有方法的核心，比如数组，词典，最终是什么，可迭代？可修饰？这些设计数据结构知识的本质设计就没有提及；但是项目例题很经典，入门和练习都足够了；深入浅出！深~入浅~出！"""
♡⃛,5,2018-06-02,0,"""学了Perl再学Python，觉得自己之前为Perl花的时间和情绪真的浪费，两种语言虽然能做的事情都差不多，但Python的逻辑更容易懂（受够了Perl的各种$_ $. $/），syntax跟R更相似所以对我来说更好上手。Perl on the other hand is just a mess, I’ll never learn to write a programme in Perl."""
Deutschland,5,2018-05-04,0,"""适合零基础，学完可以拿到5000元月薪，我一周看完，嗯，一周就可以拿到月薪5000"""
ponder,5,2018-05-03,0,"""看过的最好的python教程"""
ice,4,2018-06-21,0,"""入门读的第三本，前面基础部分看的比较快，有几个小项目还不错，受益匪浅。"""
JC,4,2018-09-12,0,"""适合没有编程语言基础的同学，入门级别。"""
审小蓝,5,2018-06-17,0,"""解说详尽到啰嗦，简直是手把手教的，适合从零开始。已经读过其他教程的同学可以跳着看"""
我,5,2018-08-04,0,"""清晰易读"""
冰冻,5,2018-10-20,0,"""这个封面的基本上都不错呢"""
无理取闹君,4,2019-02-10,0,"""真的很入门，适合完全没有编程经验的人学习。但是有一定基础的看起来就一般。"""
超级峰,,,0,"""不错，入门书"""
老马-mmx,5,2019-09-10,0,"""还不错，对着例子刷一遍，python功力有有显著增长。"""
春秋,,,0,"""自学成才"""
响亮的名号,5,2018-06-03,0,"""很详细的入门书，一天看了半本。"""
走在月光中｀,4,2018-06-03,0,"""最后Django部分 好多错误......"""
iphyer,4,2018-06-02,0,"""给小本推荐图书，扫了扫还是不错的，比较简单适合入门"""
Timeless,5,2019-07-26,0,"""除了Django部分都看完且实践了，真的适合什么都不会的小白入门，但是也仅限于小白，有底子的还是选其他书比较好，因为这本书内容挺浅的，看完还是要继续看其他书的。"""
衍之,5,2018-08-29,0,"""人生苦短"""
边文博,5,2018-10-29,0,"""新手入门。已购。"""
iNami,5,2019-02-27,0,"""简易入门"""
dcc,5,2018-07-02,0,"""很好，讲解易懂，合适。"""
星辰德法,3,2018-05-29,0,"""前面基础部分对于任何在大学学过C语言的来说太简单而缺乏深入，后面的实战部分很多库由于更新出现部分错误，最重要的是Django入门的章节对于没有任何Web开发基础的小白来说太不友好了，太注重细节而缺乏对整体框架的介绍，要学Django的还是看相关的博客和补上缺乏的知识。"""
阿堃,3,2018-05-29,0,"""基础知识写的挺好的！"""
Mr.D,5,2018-05-28,0,"""被公司CTO按着头学了Python……"""
xx-dev,4,2018-07-14,0,"""非常适合入门的python书籍"""
yl,5,2018-12-26,0,"""很适合"""
棕斑鸠,5,2019-04-15,0,"""是一本非常棒的0-1初学者读物，我是一名PM，但没有任何开发经验，但是能够比较轻松的完成书中学习部分，后面的项目并没有做完。"""
Ligeest,4,2018-12-08,0,"""很好的入门书"""
皮皮卡卡,4,2018-07-16,0,"""已经看完基础部分，实战找pandas相关的数据分析进行学习"""
Saki,,,0,"""就我这三天打鱼两天晒网的进度，变量到函数之间的无限循环。"""
human crisis,5,2018-07-06,0,"""这本书的纸是真的好闻"""
小北,5,2018-07-21,0,"""讲解非常详细"""
acorn,,,0,"""快速阅读了入门的第一部分"""
随风而逝,4,2018-07-04,0,"""不错的入门书"""
风行水上,5,2018-07-27,0,"""循序渐进，写得很用心，代码逐条讲解，很细致。这一周通读了第一部分，今天又复习了一遍，有些部分初读时跳过去的，回头看就明白了。周一原本是借了同事的书看的，今天决定买一本，于是重读的时候，可以动笔作标注了~"""
夏大雨,4,2018-07-01,0,"""偏重实践，对语法的讲解不够深入"""
laggard,3,2018-06-28,0,"""仅做入门，引导学习者兴趣差不多。pygame, json, xml, pygal, django 简介。"""
屋顶养花人,5,2018-10-03,0,"""入门神器，根据自己需要选择感兴趣的项目做就好了。"""
Jdusndidifhs,5,2018-07-21,0,"""清晰、详细。入门佳作。"""
张敬轩第一迷弟,5,2018-06-26,0,"""编程入门书，用最简单的编程语言从最最基础的准备工作讲起，浅显易懂配合后面的项目，满分！ps：真是一句废话没有的那种"""
hdvysu,5,2018-06-25,0,"""这是我的评价，test"""
firemind,5,2018-06-23,0,"""第一本Python书，还不错"""
vampirebarbie,5,2018-07-03,0,"""这本书非常不错 很适合零基础入门python 是那种废话很多 但是说的特别清楚的教程 而且不用担心学到后面忘记前面 后面都会涉及到前面的一些内容 可以作为复习           另外 作者可能主要使用mac的系统 所以尤其推荐mac用户使用 显示与书上内容一致 更清晰 省去许多不必要的麻烦"""
木木天,4,2018-12-04,1,"""今年总算是完成了入门python的愿望，后来还报了课程，还拿着所学不多的帮忙处理了数据，还想学更多"""
远方,5,2018-08-08,0,"""很经典，今天推荐给了同事"""
鮫島零智,4,2018-08-07,0,"""适合快速入门～"""
[已注销],5,2018-09-13,0,"""每天进步一点点"""
轮指扫马路,,,5,"""项目还行，现在想想自己真是愚蠢，都信息时代了还买书学基础知识，廖雪峰老哥的比这个学起来不知好到哪里去了"""
orange,5,2018-08-03,0,"""笨鸟后飞 第一本编程书终于啃完了…"""
翩翩庄周蝶,4,2018-08-02,0,"""讲的很简单生动，但代价是很多的原理和模板就没有介绍到"""
张无眠,4,2018-08-02,0,"""还是比较适合没有计算机基础的入门选手，浅显易懂，三天基本上看完了。。。"""
Trami,5,2018-09-13,0,"""这本书写的非常基础，有点基础的基本上一天可以看完前面的200页，还有就是语言很好，这可能得益于作者本身是一位老师。"""
Taeny,4,2018-08-01,0,"""游戏和web程序开发暂跳"""
Mr.time,5,2020-03-24,0,"""代码的说明部分以及代码的运行结果显示十分详细，适合初学者，后面的项目实例也对于今后应用Python有抛砖引玉的作用"""
简直药丸,5,2018-07-29,0,"""非常适合新手入门！唯一推荐的Python入门书籍！"""
韩雨洛,5,2018-07-27,0,"""非常感谢这一本，入门书。"""
坐在树顶数星星,5,2018-07-26,0,"""入门很不错的一本书"""
猪头转世,3,2018-07-26,0,"""讲得太过简略了，很多东西都没讲到，适合没有任何编程经验的人入门用"""
ithee,5,2018-12-06,0,"""非常赞的一本书！我学Python第一本书，我相信的我的选择是没错的！前面第1～11章是基础的知识点，和国内的教材大不一样，国内的一贯风格是5816579这样的，老外的教材是0123456789这样地，这本书就是这样跟你娓娓道来、不厌其烦，可爱！后面三个项目实战跨度稍微有点大，但多看多理解并不难～"""
一念之间,5,2018-07-24,0,"""非常好的一本入门书籍，是我读过所有python入门书籍中最好的一本。循序渐进且通俗易懂，并将许多编程技术的重点难点讲的非常容易理解。"""
Tender_Hx,4,2018-07-20,0,"""花了几天时间看完基础知识，跟着书本做了一个项目。篇幅其实不算太长,一半是基础，一半是项目。基础知识也是通熟易懂,因此阅读起来很愉快。是本不错的python入门读物！"""
蓝胖学长,5,2018-07-17,0,"""适合一点编程不会的人入门，会其他语言比如Java，这本书就显得浅了点，不过读起来很快。书后半部分讲了三个项目，觉得没什么用，熟悉熟悉语法就够了。"""
baufremax,5,2018-07-27,0,"""几个project写的很棒"""
一锅炖不下,2,2018-07-27,0,"""并不喜欢这本书，完全可以好好讲逻辑的地方非要打比方。。，"""
每天都在减肥,3,2018-08-29,0,"""讲语法那不错，不过安装模块那实在不行"""
祝福,4,2019-05-20,0,"""Python的入门书。"""
缚风铃,5,2018-08-25,1,"""相当完美的入门书！例子易懂而又清晰。之前看过《Ruby基础教程》，看得不太懂，可能是里面例子有些抽象。而读完这本书，不光理解了Python的基本语法，竟然连以前有些Ruby没懂的地方也懂了。这本书的最后三个项目没看完，因为我有专门讲这些方面的书。"""
小松崢嶸無敵,5,2019-06-15,0,"""从入门到放弃😊"""
DearRainic,4,2018-09-12,0,"""循序渐进，安排合理。翻译也很给力，读起来很流畅。"""
今年练老赵,3,2018-08-23,0,"""入门友好  主要用作查缺补漏的"""
Zzx,5,2018-08-28,0,"""极其适合python小白，得matlab转python了。"""
YolandaCi,4,2018-08-20,0,"""还不错的入门书，前半部分的基本概念和库🔥细一点的看完了后半部分的项目src解析，大致扫了一下整本书通俗易懂，知识点也不算深，收的恰到好处还是比较推荐的一份python入门书"""
亿忱,5,2018-08-20,0,"""(2018年8月)非常适合编程新手，但是如果有其他语言编程基础的话，第一部分的内容可能稍微浅显。第二部分相当于告知编程可以做哪些，给出了一些方向，让读者从语法中跳出来，对能做什么有宏观了解，我觉得很棒。"""
饮鸩止渴,5,2020-03-06,0,"""从去年开始吧，暑假看了一遍，今年寒假看了一遍，说实话，飞机大战之前的东西非常有用，我是特别爱在基础那儿打转的人，练习大部分都是专业对口型的。飞机大战我实在没整明白。"""
珑璁,3,2018-08-16,0,"""适合完完全全的小白读，有其他语言经验的可以去看别的书"""
一只鱼,,,0,"""不错的Python入门书籍"""
稀陋远虚,5,2018-08-14,0,"""好书啊。"""
Jacon Hunt,5,2018-09-16,0,"""比较基础，动手试一试部分扩展部分挺好的，但有些没有包括进去，配合廖雪峰的教程和python tutorial相互补充会比较好，最好再加上Stack Overflow的python问题。需要做笔记总结"""
青青子衿,5,2018-08-13,0,"""我为了学习机器学习而看的这本书，挺好的，我用了两天时间翻完了前面的基础部分（之前学过C++），后面的项目没看，但的确很好。"""
windfuture,5,2018-11-30,0,"""适合入门。很易读。"""
我不当学长,5,2018-08-11,0,"""一步一步的跟着做，练习题和正文相关度很高，适合练手"""
丁丁307,4,2018-08-10,0,"""很实用的书籍，特别是后面三个项目的介绍，可以让新生入门，能够自行开发项目。"""
👨🏻‍💻,4,2018-09-02,0,"""入门推荐，流畅"""
无知者的恐惧,5,2018-08-09,0,"""好评！"""
大叔,4,2018-09-28,0,"""我简单的读了一遍基础知识，对后面的项目没仔细看，因为有编程基础，感觉这本书适合零基础，但是太过简单，有些知识点不全，比如python类中如何做一个私有变量。可能都没讲到。python本身是一个非常简单的语言。"""
illu,,,0,"""入門級"""
吃瓜小丸子,5,2018-12-05,0,"""贼强贼棒贼shuhu"""
叮咚丁冬丁冬,5,2019-04-28,0,"""在看基础部分！新手入门看这本书最合适不过了！简洁明了！易懂！"""
无聊小说,4,2018-09-22,0,"""涉及到的内容还是少了，不过简单易懂"""
我X你母,5,2019-02-09,0,"""学编程就是这样对着别人的代码再自己敲一遍，旁边有人给你讲每一行是啥意思。看完这书以后看其他人写的书都觉得杂乱无章毫无逻辑。"""
Wynton,5,2019-01-17,0,"""手把手教😂20190117更新读过后发现用这种入门都不算的书根本学不会python建议想学python的计科学生还是买专业点儿的书吧"""
毛毛,,,0,"""比较基础，还不错。推荐入门，进阶还是选其他的书，因为这本不够全面。"""
Hikari,5,2018-09-17,0,"""非常不错。研修时学的那点Java对理解python还是很有用的。"""
思来享趣,4,2019-12-14,0,"""对于编程小白很友好，能够快速、有效掌握核心概念。与其他书或者教学视频一起看会更好。想要深入学习，或者选定主攻方向后。就需要更深入的学习资料了。"""
丽拉先生,5,2018-09-15,0,"""入门篇撸完了。即时反馈，交付感极好。我向每一个Python新手推荐这本书。"""
久雨,5,2018-12-24,0,"""简单明了，清晰，读这本书会让人积累成就感和兴趣，做入门不错，做到精通是不足的"""
catteforry,5,2019-04-06,0,"""内容很翔实，实例比较有价值。"""
写小论文,4,2018-09-10,0,"""挺好的入门书籍"""
谷壳聚糖,4,2018-09-08,0,"""这本书适合没有编程基础的人阅读，结构很简单，没有繁琐的语法。不会让人看了就害怕。"""
一往而深,5,2019-01-11,0,"""""你们这样不对啊，因为考研就不来上课，也不打声招呼，那你们大作业写完我最高也给70，算是毕业前的一个教训。""还以为会像其他老师一样提前通知。。。"""
深白色,5,2018-09-05,0,"""靠它入门很不错，靠它吃饭…emmm，我觉得不行。(指书"""
刘同陽,5,2018-09-01,0,"""这本书本来打算通读的 后来被我当做工具书用了 挺不错的 每当编程有困难的时候都会翻出来看一看 总会找到答案"""
clownrown💥,3,2018-09-15,0,"""前半部分很不错了，中间往后，项目的部分感觉就有点敷衍了。对标准库的介绍不够。pygame的讲解感觉挺多余的……没有什么实践的价值，django框架讲的也是迷迷糊糊，git只简单说了个bash。读完之后只是大概了解点python，很浅显，真的就只是大概知道了有python这么个东西，很不满足。"""
yuanlike,3,2018-08-31,0,"""真的真的不建议买"""
火之舞,5,2018-12-08,0,"""小白入门好书。"""
焦糖饼干,4,2018-11-16,0,"""挨个做了习题，飞速进步"""
李林顺,5,2018-11-11,0,"""这本书真的很不错，我感觉是入门特别好用的一本书"""
分力,3,2018-10-30,0,"""过于简略"""
cpt,4,2018-10-07,0,"""入门级别的书吧，新手入门比python编程第二版方便。看完了以后编程的时候还是多用帮助手册和网站菜鸟教程吧"""
bai.,4,2019-10-02,0,"""前面过于简单，当做复习了"""
爱吃菠菜,4,2018-10-08,0,"""9分"""
徐伯莱,5,2018-10-04,0,"""图灵教育的书都挺不错的，Python编程从入门到实践十一本非常适合入门的书籍。"""
朱笔,5,2018-10-27,1,"""本书不愧于入门与实践前面几章用大量的实际配合概念，很容易掌握。但有一点:概念往往是知其然，不知其所以然，不踏踏实实的练习一遍，很容易忘却。推荐看完后再找一本系统、深刻讲概念、知识的书看一下(不要太多、太复杂，没有实践，无法实用。）来把整个体系升华一下。真正关键在后几章的实践能把前面学的综合来一遍当中学的技能也很实用找一个感兴趣的方向，翻翻书，交流交流…Python之路就算走上了。"""
Flavor,3,2019-06-01,0,"""读不下去"""
樂訫,5,2019-05-20,0,"""作为入门合适"""
joheay,5,2018-10-02,0,"""非常好，重视基础，练习题覆盖知识点非常全面"""
Kid A,5,2018-10-02,0,"""全书分为两个part，分别为基础篇和实践篇。实践篇又分成三个小案例，分别为：游戏开发、数据可视化、web应用。非常适合0基础，稍微了解一点概念的人作为入门书籍学习"""
胡椒烩黑椒,5,2018-10-22,0,"""通俗易懂。"""
liu',3,2018-09-30,0,"""入门"""
Beast,5,2018-09-30,0,"""最后的那个project chapter还没看完，但算基本入门，能写个简单代码爬结构简单的网页数据。。。。"""
Jacky,5,2018-09-29,0,"""非常适合入门"""
carefing,4,2018-10-19,0,"""入门很棒"""
滚石不生苔,4,2018-09-28,0,"""迄今为止遇到的纸质最好的编程书。"""
专业爬虫豆瓣,3,2018-09-28,0,"""略啰嗦。。适合完全没有编程经验的小白"""
榈青,5,2018-11-14,0,"""亮点在实践部分，作为入门书籍涉及python开发的主要方向（web，数据分析，游戏）"""
purate,4,2019-01-28,0,"""写得蛮好的，思路清晰，学到了很多"""
科学少女果冻妹,5,2018-11-12,1,"""前一半的基础知识非常浅显，讲得也很清晰有条理，很容易懂；后一半的三个项目，跟着做了第一个：用pygame写的外星人入侵的小游戏，还挺有意思的，后面两个估计不会做了。。。"""
Ella,5,2018-11-18,0,"""因为志在复习python基础便于之后看数据分析的包，所以后面编程的项目都没认真看了，但那些项目看着好有趣，有时间想学编程，可以试试跟着做这些项目"""
level,3,2018-11-08,0,"""是挺浅显易懂的，但是照着他来各种报错，很烦心。而且我不懂为什么要花那么大篇幅讲pygal，而很多很重要的包几乎都没提。比起上过的几门课程还是差远了。"""
腋毛乱飞,5,2018-11-08,0,"""想带到美国去的书之一"""
秋天的龙,5,2018-11-07,1,"""0基础看完，很棒的入门教材！并且最后实践项目第三个的时候，因为Django版本不一踩了不少坑，这里是作者的在线支持网站：https://ehmatthes.github.io/pcc/updates.html建议后来的读者可以先看看升级明细，再读书的时候也好心里有数不至于踩坑"""
summer,5,2018-11-06,0,"""非常适合基础一般的读者，书中内容不晦涩，能一直读下去。"""
偌.黙。,4,2018-12-06,0,"""需要看一遍😂"""
Henry,4,2019-10-17,0,"""很早之前读完了，对于编程非常陌生的朋友，这是本不错的入门书"""
笑带忧伤,4,2019-06-26,0,"""照着做了一遍，没啥效果，，，大概没精力在做这了"""
赫本迷,4,2018-10-27,0,"""慢慢学吧。"""
风逐残叶,5,2018-10-23,0,"""基础的使用，到比较实用的例子，很容易上手产生成就感。"""
古代无魂之卡😈,4,2019-07-29,0,"""Python越用越喜欢"""
Gooday,5,2018-10-25,0,"""入门比较好，适合小白。"""
闲闲闲闲忙,4,2019-06-07,0,"""确实是循序渐进，但是web那章各种函数模块出现得也太突然了吧"""
因扎吉,5,2018-10-16,0,"""好书不多说啊"""
V.Smith,5,2018-10-15,0,"""很适合入门，安装步骤、基本知识点都很详细，对于需要速学python的我简直是救星（｡ò ∀ ó｡）"""
Boo,5,2019-07-25,0,"""最棒的python入门书籍！"""
Cactus,5,2019-09-16,0,"""真的挺友好的入门书籍，跟着书大概把入门的各个过了一遍，后面的项目有选择性的做了，这本书有部分的模块儿用更高版本的Python时会有一些改动，不过结合YouTube和哔哩哔哩上的视频，遇到问题就去论坛搜，大部分可以得到很好的解决，准备进阶下一阶段，just do IT。"""
Digi,5,2018-12-02,0,"""项目实践部分写得不错"""
roqwtv,5,2018-12-29,0,"""入门好书。不过只看了基础部分，后面去撸狗书了"""
myCpp,3,2019-05-10,0,"""没必要看，，"""
messi东东,5,2018-11-28,0,"""不记得是第几本入门书了，一定是最后一本"""
若枫,5,2019-04-10,0,"""【P入门-Book1】2019.3.22-4.6对非科班零基础异常友好的入门书，循序渐进，层层深入，理论+项目实践，结构合理，项目部分太酸爽，留待基础打牢后重启~"""
飞翔的城堡,5,2018-11-28,0,"""做飞机大战游戏时看的这本书的项目，写的很不错。"""
小西瓜大草莓🍓,5,2018-11-26,0,"""真的非常适合小白入门，哪怕没有一点编程基础。我是完全不懂python，我连用什么编辑python都不清楚，甚至连.py是什么意思都不知道的人，看这本书入门真的是非常好。里面还有demo以及案例，但是还没有看到，真的无比推荐"""
TravisCao,5,2018-11-25,0,""" code很多 很详细 适合新手"""
Supuo,5,2018-11-25,0,"""入门很好用，看完以后基本语法差不多清楚了。后面几个项目也挺有意思的。"""
ZZ,4,2019-02-02,0,"""作为Python入门还不错的一本书，不过部分内容随着Python和Django的更新不再适用了。"""
几乎没有记忆,5,2019-09-20,0,"""入门还是很好 所以一切的语言都要用起来在实际中才会有更深的理解 而不是纠结在语法上  跟着三个项目做完真的有很大的提升"""
哈哈哈,4,2018-11-23,0,"""真的是入门级的。。适合非计算机和非信息类专业的人阅读，内容很简单"""
何默,4,2018-11-22,0,"""适合新手看的！"""
Jerry 老师,3,2020-02-23,0,"""看到做游戏章节就不行了，因为书中推荐软件用不了import"""
whocareyw,5,2018-11-21,0,"""写了几个程序以后再看有种完全不一样的感觉"""
Nemo,4,2019-08-04,0,"""这本书用来入门python完全没问题，基础知识部分讲的很明白，后面的三个项目，pygame推荐做一下，自己动手开发一个小游戏还是很有趣的，web应用程序可以不做，因为书里用的django还是老版本，有多指令在新版本里都实现不了。再说一些自己debug的经验，我自己写的代码85%左右的bug都是因为自己把单词拼写错了，所以写得时候还是要认真，如果报错的信息看不懂，就百度，这样的99%的问题就都可以解决了。"""
flowingtc,5,2019-03-06,0,"""python入门的绝好书，讲解详细，例子也很多，最后的几个实战项目通过迭代开发的方式巩固了所学知识。"""
祝馀,,,0,"""不错的入门书，条理清楚结构清晰，对比国内其他名声在外的入门书简直不知道要好多少倍"""
Erika,1,2018-11-20,12,"""适合没有任何编程经验的零基础小白，但是大量高级特性都没讲到，对有其他语言编程经验的人还不如去看廖雪峰的教程"""
dayday,4,2018-11-20,1,"""- python编程-从入门到实践(python crash course): 环境(安装) -> 数据类型 -> 流程控制 -> 函数 -> 类 -> 异常 -> 文件 -> 测试 -> 项目实战"""
浮客,4,2018-12-16,0,"""入门时读了一遍，现在忘的七七八八。"""
李威威,5,2018-12-15,0,"""我个人是跟着这本书入门 Python 语言的，其中讲解 Django 的部分可以说是很详细了。"""
Z,5,2018-12-12,0,"""很适合零基础者，基础看完了 也敲完了，整体框架还是毫无头绪 再接再厉"""
为了改名而改名,4,2019-01-11,0,"""果然是很简单的书，拿来入门看看还行。"""
VeggietX,5,2019-11-29,0,"""变量名不能以数字开头还剩一个项目。"""
别想吃我麻辣烫,5,2019-10-04,0,"""感恩"""
windmmy,5,2018-12-09,0,"""连我都能看完…"""
C2H5OHlife,4,2018-12-08,0,"""用来查缺补漏"""
lincoco~,5,2018-12-07,0,"""这本书写得太好了！！！！通俗易懂，很适合入门"""
岁月、乱了浮华,4,2019-06-23,0,"""看过尚学堂的视频后，发现讲的不仅不够全面还不够细节。适合没有任何编程基础的小白看。这本书根本不值9分那么高的分，最多7分多。"""
不会飞的章鱼,5,2019-08-21,0,"""Python首选的入门书籍之一"""
Sean Young,5,2018-12-06,0,"""很好，值得一看！"""
回忆丶绕指柔,5,2018-12-05,0,"""适合入门Python的人读，深入浅出，一层一层递进，其中三个项目更是实践了所学到的知识，好评！"""
Alexander,5,2019-01-31,0,"""完成基础语法部分的所有习题和前两个项目感觉web项目对没有html基础的人略难不可多得的入门好书，对于学习过其他语言的Python入门者基础部分两三天就能过一遍了"""
摩卡猫,5,2018-12-04,0,"""快速翻了一遍巩固一下"""
超市楼上的大哥,5,2019-01-12,0,"""就是书名，很好"""
崆山雨,4,2019-07-21,0,"""作者一定很喜欢吃披萨，而且喜欢摩托。"""
Neil Chang,4,2018-12-18,0,"""勉强学会了ABCD...有些内容随着版本更新已无法复现，需要对代码进行调整"""
violet,3,2018-12-02,0,"""太基础"""
爱沙尼亚傅里叶,5,2019-07-24,0,"""有编程基础所以就简单地过了一遍。很适合编程小白，简洁清晰层次分明，顺便也让我把之前没弄懂的一些概念弄清楚了，后面几个案例的构架也很漂亮。"""
Hi,,,0,"""适合新手入门"""
xuzi,5,2019-01-01,0,"""负基础入门python的必读参考书"""
Seaky,5,2019-01-01,0,"""深入浅出，十分好懂"""
Bonstop,5,2018-12-30,0,"""这本书真的很好。讲的很细。包括后面的Django开发。"""
en,4,2018-12-29,0,"""用不起人只好用机器了😂"""
悬崖乐手,5,2019-09-14,0,"""对新手非常友好"""
Mr_Little_Kwok,5,2018-12-27,0,"""为了数据分析、机器学习等方向而选择快速熟悉一下python这么语言。这本书虽然不错，但对于有编程经验的人来说，着实简单了些。希望这段分享能帮助到与我有相同经历的小伙伴"""
PowapowaP,5,2018-12-25,0,"""2018年已读024"""
小手冰凉,5,2018-12-24,0,"""初学者"""
I believe,5,2018-12-24,0,"""说的很细致，例题也很贴切，好评"""
羡,5,2018-12-23,0,"""简直是太有用了"""
高大夫,5,2019-01-03,0,"""读完了前一半，并敲完了前一半的代码。后面的项目部分有点没意思。读完这个不算入门python，只能算是把门缝给打开了。开始去读《繁琐工作自动化》了。"""
Miracles,5,2018-12-23,0,"""Python入门最好的书！！！"""
愤怒的西瓜,5,2018-12-23,0,"""常翻翻，较基础"""
Darker,4,2018-12-21,0,"""对于没有学过Python的，感觉挺合适的，看完前11章基本可以编写一些方便的脚本使用了（作为程序员的个人看法）"""
YWL,5,2018-12-20,0,"""高级的东西没涉及，但是对python弱鸡来说，这本书学的清清爽爽！"""
Star_Bucks,5,2019-01-04,0,"""入门最佳"""
Doggie Charley,5,2019-02-23,0,"""非常浅显易懂的编程书"""
[已注销],5,2018-12-17,0,"""读到第10章"""
需要努力的星星,5,2018-12-17,0,"""很棒~"""
superdiao,5,2019-07-14,0,"""对初学者最nice的一本Python书了"""
士冰突击,5,2019-07-02,0,"""一本不知不觉就这样读下去的书，趣味性十足在阅读的过程中对Python的基本语法用法都又掌握后面的习题对书籍的内容也是一个很好的练习。由于出差结束之后场外因素装修影响加上后面的项目没有时间所以就只读了第一部分1-10章基础知识，后面的项目练习就没有看其中web的那部分也不打算看因为侧重点在数据分析这块儿。"""
wjjjjjjjj,4,2019-02-23,0,"""22.02.2019。敲完了基础的上半部分，勉强学习了两个项目。对于零基础的我而然，本书知识跨度还是过大。现在Python入门还算不上，勉强算是刚走到门前。"""
Kidulty,,,0,"""发现买了一堆IT书，然而入门和实践与这些书都没什么卵关系"""
a''ゞ　傅少网络,5,2019-01-24,0,"""通俗易懂，简单明了"""
東馬,4,2019-01-19,2,"""对我这种完全没基础的人来说是非常好的入门书，书上几乎所有例题都做了，代码成功运行让人有满满的成就感。只是python的进化和django 的新规则让这本书上部分代码无法实现，必须上网查阅资料才能完成。学习的时候网络一定要畅通，不懂就去问。"""
宸,4,2019-09-06,0,"""入门不错，但是学过c的我觉得有点简单了。"""
泱泱,5,2019-02-19,0,"""入门之后才看的 是很基础了 基本上很快能看完 有查漏补缺的作用。"""
laffn,3,2019-01-17,0,"""讲的太散，更像一本基础python说明书"""
红拂夜奔1514,5,2019-01-17,0,"""看到游戏我就有读完它的欲望，如果所有编程书都像这样就很好了！"""
豆友189759996,4,2019-01-16,0,"""适合没有编程基础的人看，程序用法讲解得非常细致，对于理解编程语言很有帮助，是入门很好的教材，后面的实践项目很有意思。"""
potter,5,2019-01-12,0,"""一本比较适合没有任何编程基础的小白入门的书。"""
Lothlórien,5,2019-01-11,0,"""基于 Python 3 讲解，入门好书。"""
路一直都在,4,2019-01-10,0,"""通俗易懂"""
狐狸清,5,2019-01-09,0,"""这个也很好的，过两天要重新读一遍，第十九章有错，边读边百度就好啦"""
LittleBear,5,2019-03-22,0,"""内容简单易懂，适合入门。"""
靖,5,2019-10-18,0,"""在学完其他语言后（尤其是C），会觉得讲的不深，但很适合入门，培养兴趣。"""
长安柯,5,2019-01-08,0,"""打开个人python大门的一本书。记录下本人学习python的历程，先看的这本入门，然后看《利用python进行数据分析》（这两本读的比较仔细），再然后又买了《python网络数据采集》《精通scrapy爬虫》，后来为写论文才读的《机器学习》《深度学习入门》,《从线性回归到深度学习》等。Python的书买了不少，不过很多都是跳跃着粗浅的读一读，当工具书用。时至今日，仍然是小白一枚，也是懊恼。"""
SmileCrazy,5,2019-02-21,0,"""入门书籍，里面的项目不错，正在做第二遍"""
Jeff,4,2019-01-03,0,"""大一"""
西木🍀,,,0,"""第一部分通读，其他选读"""
依然,4,2019-03-24,0,"""整体不错，看了23天，后面的三个项目整体难度比前面的基础大了很多，有些交代的不清楚，16年的书，19年新的库很多就不能直接用了，想自己改就比较麻烦了。总之想用前面学的基础知识直接完成三个项目有些困难，不如把三个项目对应的内容学好了再来完成吧。最后一个项目没有完成，等后面把django详细的学一下再回来写完。"""
我要拿月薪15K,4,2019-02-18,0,"""还不错，非常棒，里面有不少很好的案例！"""
Infinity,5,2019-03-02,0,"""第一部分写得很好，入门上手很快。"""
Serendipity,5,2019-04-18,0,"""从入门到放弃哈哈哈哈哈哈哈哈哈哈可以看Udemy了"""
zaza,,,0,"""明白了啥叫“面向对象编程” 会写点很很基础的东西了 好书，适合入门"""
zaza24kb,5,2019-02-18,0,"""明白了啥叫“面向对象编程” 会写点很很基础的东西了 好书，适合入门"""
灼尘,,,0,"""诶"""
Tim_Chen,5,2019-02-17,0,"""比较适合入门"""
持墨人,5,2019-02-15,0,"""绝对的好书，入门神器，当年看的巨爽。"""
我转了一圈,3,2019-02-13,0,"""项目和数据分析关系不大"""
白夜,4,2019-02-13,0,"""还行，同时看的廖雪峰的课程"""
[已注销],4,2019-02-13,0,"""对那些没一点基础的人来说很友好，有面向对象基础的人学起来非常快，但总觉得太浅显了不够深入，有些代码一定要自己试过，书上有错误"""
风林火山,5,2019-02-12,0,"""相当好的一本入门书"""
Jason Peng,5,2019-02-11,0,"""入门好书，比什么像计算机科学家一样思考×××强很多"""
kiwi,5,2019-02-10,0,"""很棒"""
琴叶葵,,,0,"""作为胶水语言来用"""
米宝,4,2019-02-09,0,"""reference"""
黑铁皮,5,2019-07-01,0,"""十年前学过VB和C，2019年中把这本书泛读了一遍，对蟒蛇有了基本概念。第一部分介绍python基本语言，因为有其他语言的基础觉得大同小异。第二部分三个项目，1）使用Pygame开发2D游戏，2）matplotlib（CSV，JSON文件）和pygal实现数据可视化和数据挖掘，3）Django开发Web应用程序，交互式、数据库这些东东（前两个项目还可以，第三个完全看不懂）。个人理解下来，学完本书后理论上可以自己编一个消消乐，用Python爬数据、统计、作图，以及自己做个简易版豆瓣网站了😄"""
dada1437903138,5,2019-04-12,0,"""通俗易懂，丰富详实，对新手十分友好。"""
不晕船的小船员,5,2019-09-16,0,"""培养自己的自学能力我的新世界！"""
嘘~~~~,4,2019-02-28,0,"""非常适合那些毫无编程基础想要学习python的人，比如我"""
天下皆白,5,2019-02-27,0,"""python入门之作"""
喜欢雨夜,5,2019-02-27,0,"""的确是挺适合简单入门的，介绍了比较核心的用法，算是阉割版，所以有比较扎实的编程语言基础的还是要看更细致的书。从其中能窥出一些面向对象的特殊影子来，但是自己需要的应该更多。第二部门的项目没有读，还是在实战中用吧。1、Python对面向对象做了很大的简化工作，简化就是它的灵魂吧；2、动态语言有动态语言的特质；3、上来基础数据就是对象，不像java一样在基础数据类型上封装；4、放弃灵活、提高效率、简化编程；"""
canhui87,5,2019-12-07,0,"""很适合有其他语言基础的入门，比看《Python编程快速上手》更能快速上手，后者更适合没编程经验的入门。"""
朴志训老公,5,2019-02-26,0,"""确实是基础基础好基础"""
doni,5,2019-02-25,0,"""非常适合python入门，讲解的非常清晰、简单明了，很容易看懂的一本书"""
小李,4,2019-02-25,0,"""简明易懂，三个项目的代码从头抄到了尾，版本更新后debug的过程艰难而傻逼但是应该算是学到不少。缺点可能语法讲得有点少？"""
fuegoyeah,,,0,"""很可爱的书，用例简单"""
戏作三昧,5,2019-03-31,0,"""基础讲的得很好，清晰易懂！接下来要看第三方库的文档了。"""
lost star,5,2019-02-23,0,"""NB"""
啦啦啦,4,2019-02-23,0,"""算是比较基础的一本入门是吧，我这种小弱鸡也能上手，当然我也没有看后面的游戏项目，毕竟学这个只是用来学习数据分析"""
Void,5,2019-02-22,0,"""0基础小白入门必备"""
豪烈翼龙,4,2019-06-20,0,"""挑选部分看"""
郁晨,5,2019-02-21,0,"""非常适合初学者"""
michael,5,2019-03-02,0,"""看完了第一部分，都是比较实用的python语法，基础知识"""
月影星之介,5,2019-02-20,1,"""花了两个月左右时间，初步读了理论部分。还很不熟练，尤其是最后几章没怎么吃透，想往回复习一下再做后面的项目。好奇大家都花多久能入门？"""
Smaster,5,2019-02-20,1,"""相比看视频，还是看书更适合我。蹭笔记。"""
lanegg,5,2019-02-25,0,"""非常简单的入门书了，其实也比较适合没有编程基础的同学，内容偏重使用层面，简单清晰阅读顺畅，有编程基础可能收获不大，厚厚的一本我大概用了2个下午读完"""
老晴,5,2019-08-17,0,"""终于看了一遍。很适合入门，但是真到用的时候肯定不够。还得再啃一本才行。"""
[已注销],5,2019-03-23,0,"""目前最好的一本"""
杨桃同学,3,2019-03-21,0,"""中规中矩，觉得被过分神化，后半部分实战看个大概就好了，甚至删掉也无所谓。入门书籍，如果稍微学过其他一点点编程语言就可以不选这个，选择其他略微带一点复杂性的书籍也可以，给一些基本思路、熟悉python特性，看完应当立刻去找进阶书籍或者针对某一感兴趣方面的书籍。翻译在一些地方还是比较生硬，有些易混信息不够明了，回头来看是一部无敌小白需要的书。"""
楚平昭,5,2019-03-20,0,"""入门书籍讲的很简单很透彻，跟着书本能够很容易上手理解"""
inroading,5,2019-03-25,0,"""很好的书"""
谧,4,2019-04-03,0,"""用python这么久，第一次系统入门。附带的三个项目真不错。"""
在水一方,4,2019-05-01,0,"""知识点不多，讲解的很基础，作为入门书还是可以的。本书最大的亮点应该是三个项目案例，从import到整个项目完成，讲解的很详细。一个项目的成功从来不是一蹴而就的，胸有成竹说着容易，做着就难了，更多的还是在编程的过程中不断的试错，不断的完善的，这也是书中三个项目中途不断重构的原因。或许有人从一开始就把这个项目想清楚需要解构成多少个类，多少个函数，这的确是很天才，但我更尊重通过不断地探索最终达到目的的普通人，而我愿做这样一个普通人。"""
divebombchen,5,2019-03-18,0,"""不错，一步步的带你学。"""
大大橙子,5,2019-03-17,0,"""成功入门了。有信心继续下去了。"""
Kosho,3,2019-03-16,0,"""对于没有编程经验入门挺好，不太深入，两个小时把前面语法过了一下，后半部分对我来说价值不大"""
higher_love,5,2019-03-11,0,"""挺好的一本书"""
李健健,4,2019-10-04,0,"""很简单的入门书"""
武汉加油,5,2019-04-14,0,"""毕设用"""
ruanws,5,2019-10-03,0,"""是的，我读fan完了"""
Dufre.Wu,5,2019-03-08,0,"""入门很好的书籍"""
仙人球开花,5,2019-03-06,0,"""仔细读了1-11、14和15章，把代码和课后练习都做了一遍。对于有C语言基础的我来说，内容相对有些繁琐和啰嗦，但瑕不掩瑜，是一本循序渐进入门Python的一本好书。另外，书中部分代码存在错误，还有部分用到的库的用法已经改变，需要特别注意。推荐有编程基础的可以直接阅读《Python编程快速上手》。（目前本人在读）"""
糖糖,4,2019-03-06,0,"""前11章看完，第一本编程书，适合小白！"""
月又明,5,2019-09-11,0,"""很不错的Python入门书"""
rami,,,0,"""适合入门，但很多内容都没有讲，比如lambda和yield。最好再搭配一本详细的教程"""
Leuven,,,0,"""太简单了"""
Kaizyn,5,2019-03-02,0,"""很恰当的一本Python入门书了。200页基础，200页实战项目"""
beaver,3,2019-05-14,0,"""第一部分讲的不错，第二部分例子不是很好，没有选择python语音的特点应用"""
heisen,4,2019-04-30,0,"""第一本编程书，现在看起来也不那么impressive了"""
凌虚十,4,2019-12-03,0,"""python入门棒！"""
Bean,4,2019-04-28,0,"""前面一部分的确讲的很好，但是后面实践部分，个人感觉不是很好。4星是有的，毕竟教python的教材，烂的实在太多了！！"""
通幽通明,5,2019-04-28,0,"""简单到可以当成中小学教材"""
奋斗的张小Y,5,2019-04-25,0,"""入门不错，简单简洁。"""
土豆泥,4,2019-05-31,0,"""该更新Django版本了。。"""
李厂长🉑,5,2019-04-25,0,"""入门神书，我看的话有些浅显了，但是如果有感兴趣的想学这个建议阅读"""
hayashi,3,2019-04-24,0,"""很基础，很多实验项目也是点到为止。"""
cck,5,2019-04-22,0,"""Marvelous!"""
Stone,,,0,"""终于做完了最后的项目"""
胖胖猕猴,4,2020-01-02,0,"""201909读过第一遍。"""
loveforwyn,5,2019-06-18,0,"""挺友好的。"""
偏执狂,5,2019-04-20,0,"""好书，浅显易懂，极易入门，结合项目实战，强烈推荐。"""
鹿鹿鱼鱼,4,2020-02-13,0,"""很好的Python入门书，基础部分在做毕业论文那会儿学完了，项目部分随便看看"""
Oleg the Kafir,4,2019-04-18,1,"""推荐结合此视频看：Python编程 从入门到实践 每天30分钟 UP主: sailorlisa http://www.bilibili.com/video/av35698354?p=1&share_medium=android&share_source=more&bbid=8A490785-5F9E-4621-9055-6557B89E02B85841infoc&ts=1555578965660"""
文刀,5,2019-04-18,0,"""这本书意外地好看！当时看这本书，是为了教表弟入门编程，顺带自己也学学Python。入门Python的不二之选。"""
今天也要加油鸭,5,2019-04-18,0,"""神书，相见恨晚"""
渐行渐远,5,2019-04-17,0,"""这开启的不仅是另一个领域，我想是另一种人生"""
大大夫,4,2019-05-10,0,"""感觉对有C++基础的来说写得确实是有些过于啰嗦，完全没接触过编程语言的来说可能会比较好，基础语法看得很快，而且这书的配套资料很齐全十分适合自学，后面的项目对初学者来说难度也很合适，只是我没看完，以后有机会再看好了。除了写的啰嗦以外，对初次接触python的人来本书基本上没有什么可以挑剔的了。"""
銀ガラス_YJ,5,2019-05-28,0,"""前半的知识看完，后面的几个项目会慢慢跟着做。对比之前浏览过的其它书，基础知识部分讲得比较浅，深入内容必须另外再去学习。但在整体逻辑上非常清晰，对培养良好的编程习惯有很大的裨益。"""
咸鱼养殖专业户,5,2019-08-08,0,"""入门好书 一定要实际操作一下"""
lotus,5,2019-07-13,0,"""浅显易懂，真的不错。"""
羽,5,2019-10-13,0,"""全面转向R, 打飞机的项目刚开始就没学了。"""
佩琦的妈,5,2019-05-25,0,"""很好，简单易懂"""
栗花落結弦,5,2019-05-25,0,"""感激不尽"""
上白滝,5,2019-09-15,0,"""书是好书，从入门到放弃罢了"""
William H.Wei,5,2019-05-21,4,"""果然这本书高达9.2分，入门最快，最适合，没有之一！！！！老外写这些零基础教科书真的是全方位吊打国内的一众教授啊高校什么的。"""
秋天的酒,5,2019-05-20,1,"""建议大家，想系统学点什么东西尽量买书，而不是从网上找资料，学起来效率更高。"""
波波君,5,2019-05-18,0,"""好书，有趣极了"""
一一,5,2019-05-16,1,"""很基础，适合入门，看完这个看的Python核心编程"""
羊上春树,4,2019-09-10,0,"""很详细，适合入门看。后面的项目实战很不错。"""
MafiaAlien,5,2019-05-14,0,"""开始的基础语法写的真心好。就照着作者讲解的内容建立一个一模一样的文档把所有代码敲出来，加上课后的小练习，python上手很快的"""
刷鞋大王,5,2019-05-09,0,"""临时要用Python做一些很偏门的应用，这本书只是在基础知识介绍方面带我快速入门，并未涵盖到我最需要的领域的知识点，因此没给我带来太大帮助，但并不意味着这不是一本好的入门书。有机会再有针对性地选择第二部分的项目深入学习"""
达,3,2019-05-09,0,"""内容有些啰嗦，其他还好"""
[已注销],5,2019-05-08,0,"""非常适合初级学者使用"""
Lethe,4,2019-05-07,0,"""讲的比较浅，可当作第一本python入门书，深入学习还需配合其他书籍"""
桀洛豪,5,2019-05-06,0,"""pros：书本内容非常适合入门，但也仅仅是入门，用浅显易懂的代码提供了python最基础的知识。cons：代码条理性不强，没有明确的介绍代码运行的详细机制，仅仅只是罗列某些代码，实用性不强。"""
莱克拉夫特,5,2019-05-01,0,"""写得非常详细易懂"""
JOHNYXU,5,2019-04-30,0,"""买来发现只能当字典"""
兔美,5,2019-10-15,0,"""看了基础部分。实例的部分已经有点过时，一些代码跑不通"""
豆君,5,2019-09-09,0,"""基本语法算是明白了"""
Abosen,3,2019-06-22,0,"""过于简单了"""
冰糖葫芦,5,2019-06-19,0,"""很棒的入门书，强力推荐😃😃😃"""
沐之南,5,2019-06-18,0,"""非常适合入门，有趣强推！"""
苏柏亚荷,5,2019-06-17,0,"""目前为止写的最清晰最详细最实用的入门教程。每次看到这种书，我都要感叹国内的教材对新手太不友好这个重要问题。。。"""
真爱如血,4,2019-11-02,0,"""第一本Python书，在b站刷完入门的课程。前面的基础知识看完了，后面的项目没有做，觉得也没必要呀，这本书给我的最大启发是，以后别买书还不如看官方文档。(可能我又JavaScript基础的原因吧)，它们都是搞对象的……下一步还是老老实实看官方教程吧，这本书对于又一定编程能力的人并不适合(当然，非常适合新手)，内容太简单，有点亏…看文档重新学一遍，溜了溜了"""
祥烨,5,2019-06-13,0,"""简单，深刻，优雅。完美的Python入门书籍。"""
KiTsuNe,4,2019-06-13,0,"""有很多东西没有讲 看完还需要看些进阶的书 比如《python基础教程》这本就讲了很多它没讲的东西 总的来说是一本很适合零基础的入门书籍"""
Layman Guo,5,2019-06-12,0,"""入门书籍"""
Whale,5,2019-06-11,0,"""更适合作为编程零基础入门教程"""
Lsinger,5,2019-06-10,0,"""入门书，不过里面的项目还挺有意思的，快速敲了一遍代码。"""
雨亦祁,2,2019-06-10,0,"""并没有那么好，代码有问题"""
Rorepme,,,0,"""非常入门，读了基础/可视化两部分，能感觉到python相比R/matlab的差异，或者说好的地方了，胜在描述性/可读性，多少还不太适应，但还有趣。再去看看pandas那一本，大概就可以上手。忽然意识到之前学别的完全就是自由coding233 #和老婆约定任务50%！"""
往事如风,5,2019-06-07,0,"""适合新手，翻译优秀"""
Satan,5,2019-06-04,0,"""事无巨细。这位老师的耐心让人感动。这不单是最棒的python入门书籍，而且是最棒的如何做一名好老师的入门教材"""
Dreamer,5,2019-07-10,0,"""非常适合python入门"""
黒色蒸気,5,2019-06-05,0,"""看了第一部份，很好的入门读物。"""
melody5417,5,2019-06-02,0,"""python入门书，只看了第一部分，对python的基础知识基本掌握，可以支撑进行下一步学习。"""
Quentin,5,2019-08-08,0,"""不错入门书"""
For ur dream,5,2019-07-07,0,"""没有深入性描述，适合完完全全一点基础没有的小白入门，对于有一定面向对象基础的程序员并不做推荐"""
土豆云朵喵,5,2019-07-07,0,"""今年读过的第二本对新手极其友好的入门书。虽然年初刷过了kaggle的python简易教程，但最近因为读《Hands-on Machine Learning》，觉得还是有必要全面补习一下语法，从16年本科毕设前的《Learn Python the Hard Way》开始断断续续入过好几次门，这一次才终于算是进来了"""
`-,5,2019-08-17,0,"""好！"""
似水流年,5,2019-08-07,0,"""python入门真的很容易，这本书前半部分语法问题讲得很清晰，后面的工程实践很受用"""
一文只是在记录,5,2019-07-06,0,"""大四。"""
famo,5,2019-07-29,0,"""我曾在大学里学过C语言选修课，不过那已经是差不多二十年前了。研发曾是我大学毕业时心目中的理想岗位，但结果阴差阳错去了其他岗位，之后就再也没碰过编程。前段时间心血来潮，报了一个0基础学Python的在线课程。嗯，果然零基础也能上手？然后觉得边讲故事边学编程的方式，有趣固然是有趣，却嫌有点低幼，进度也不自由。那就自己看书吧。我选了这本在豆瓣上评价最高的《编程从入门到实践》作为第一本入门书。花了一周业余时间把前半部分基础语法看完了，感觉书上讲解的都差不多看懂了，就是记不住，自己解题也有点懵。当然编程不能光看书，要多用多实践才能融会贯通，这道理我懂。这几天尝试写了几个简单的小程序，Python果然强大，感觉打开了新世界的大门。人生在世，总是有很多遗憾，补得一个是一个吧。"""
曰立,5,2019-07-04,0,"""非常基础 非常入门 快速读完"""
闪光的彩笔,4,2019-07-15,0,"""适合完完全全的初学者，所以前期讲的比较啰嗦。总体来说还好啦"""
Martin Si,5,2019-07-01,0,"""读过的所有讲Python的书中难度坡度最平缓的。常见的其他书，在讲到类的时候，理解难度陡然上涨，但这本书却非常巧妙的用易于理解的方法介绍了类。总体来说，除了里面的资源比较老，比如讲到Django时还是1.0的版本，已经基本不具备参考性，这本书还是非常适合python初学者来看的，非常值得推荐。"""
Mr.Hao,4,2019-09-28,1,"""2019#151st。python入门经典必读，三个练手小项目都非常好，分别是用来熟悉面向对象编程方式的外星人小游戏、使用matplotlib实现的数据可视化、以及利用Django框架实现的blog，达到了学以致用的目标。"""
bxwrdwl,5,2019-11-09,0,"""把基础看完了，项目就打算做项目二，结果vs和matplotlib装了一晚上装不上，我自闭了"""
木子樱,4,2019-06-28,0,"""python 从入门到放弃"""
francois,5,2019-07-14,0,"""20天，第一遍粗读完，可以独立做一些事情了，感谢作者，言简意赅，说的很明白"""
[已注销],,,2,"""过于基础了，推荐给从未接触过编程语言的人士。科班人员不推荐。"""
漫步者的遐想,4,2020-02-06,0,"""我这算python入门了吗？"""
小崽,5,2019-06-23,0,"""新手友好"""
NGYTBfhdhdExdj,4,2019-12-20,0,"""公司为了节省程序们的开发时间，于是成立了一个python学习小组，让运营人员日后自行处理数据……"""
用脚趾想,4,2019-06-22,0,"""import this，比较简单"""
Daniel,4,2019-06-21,0,"""python的确入手很快. 这本书看前200页就足够了. 一个从 java -> golang -> python的工程师....."""
亨德森o,5,2019-06-21,0,"""很不错的一本书，非常适合小白入门"""
abigbear,3,2019-08-06,1,"""1/2基础语法，1/2项目；确实是要动手实践才行"""
沈水仙子Adrian-,5,2019-07-23,0,"""巩固了一遍基础，随着优达学城的原版python deep learning的课一起学的，感觉挺好的"""
Wenwen Tsao,5,2019-07-23,0,"""超级牛逼的一本入门书"""
King,5,2019-07-23,0,"""年纪大了，找工作不容易。。。"""
牧风,5,2019-07-22,0,"""我也，在学python了"""
神秀,5,2019-07-18,0,"""入门"""
易小卓,5,2019-07-18,0,"""没有基础的话很适合读，逻辑清晰，行文通畅。"""
Harsh,5,2019-07-17,0,"""（惹"""
最烦装逼那小英,5,2019-07-27,0,"""没有比这更好的入门书了。"""
山城酒,5,2019-07-17,0,"""不得不说，最友好的入门书籍，友好到看完之后你对实际工作的一些高级用法一无所知"""
Mlst,3,2019-07-16,0,"""入门教程，适合初学者。做数据分析主要还是pip下来如NumPy、pandas、Matplotlib、Sckikit-Learn的代码库学习。"""
Eräser,3,2019-08-07,0,"""看了基本语法结构，后面的项目略过"""
KAI,5,2019-07-15,0,"""小白入门书！亲测好评(o^^o)"""
学习使我快乐,5,2019-07-13,0,"""牛逼就完了"""
胖大海🌈,4,2019-08-12,0,"""部分代码过期，且新版（英文版）已于6月份出了。推荐看简明python教程"""
寒冬夜行伊比斯,5,2019-07-09,0,"""读完a byte of python以后，可以读这本书来进行一些简单的操作，不过要在python这条路上走得更远，还是要研究数据和算法结构。"""
nita,5,2019-07-22,0,"""刚开始看，挺好看的"""
Mercurial,5,2019-07-09,0,"""入门很容易"""
Calcifur,5,2019-07-09,1,"""适合学过但很久不用的人快速把python捡起来"""
五杀摇滚吉他手,5,2019-07-17,0,"""上半场平淡无奇，下半场神仙教学。本书最大的亮点是实践项目完成度相当高。pygame部分温水煮青蛙式教学OOP，但不讲解设计模式略搓；pygal真神器；django部分年代古老，若干代码需要配合谷歌食用，bootstrap几乎变质。"""
陈超,5,2019-08-25,0,"""python入门必读经典之一"""
Lonely Virgo,5,2019-08-25,0,"""太基础了……"""
柚子,5,2019-08-22,0,"""非常好的一本Python入门书籍，没有废话，翻译得也好。本书包含了Python的重要基础知识，代码都有详细的解释，非常适合小白学习。完全没学过编程语言的可以细看，有基础的扫一遍语法就知道大概是怎么回事了。当然，此书可能不太适合编程高手读，因为真的很基础😄"""
八月未央,5,2019-08-21,0,"""这也是我目前看到过的写的最好的一本编程书籍"""
豆子,4,2019-12-06,0,"""简易"""
蓝谪仙,4,2019-08-20,0,"""作为入门书挺不错的"""
奔跑的墨斗丸,4,2019-09-01,0,"""前面12章啃完，具备最基本的python知识，目标是读懂编程。其实python 最强大的是库。对我来说numpy ，pandas，keras，sklearning是后面的学习重点，本书基本没怎么讲。15，16，17，18章后面应用过程中可以随时参考。学习过程中需要很多助手，比如CSDN。"""
己注销,3,2019-08-15,0,"""和入门、实践都没什么关系。"""
朝夕,5,2020-02-08,0,"""挺适合新手的"""
快速動眼,5,2019-08-12,0,"""前面十一章自学起来太友好了，到实践部分好多形参，我要哭了Ծ‸Ծ"""
La_,,,0,"""路漫漫"""
Simon,4,2019-08-11,0,"""入门还挺好，里面不少链接都失效了，需要更新"""
墨麓凝烟,5,2019-08-10,0,"""超喜欢后面的三个实战项目[爱心]"""
越境,5,2019-09-01,0,"""nice 玩起来"""
Harlan,5,2019-08-03,0,"""适合初学者"""
Evaaaaae,4,2019-08-12,0,"""还行就是有点啰嗦。一个两句话就能解释明白的函数要解释两页"""
小黑猫,5,2019-08-01,0,"""作为零基础入门python图书是很好的选择"""
hiu仔读读记记,5,2019-08-01,0,"""比起视频还是看书更适合我，因为相比视频看书的节奏和思考的东西更重要，编程太有意思了，其实学python跟我的课题没有关系，但是总是想学而这本书非常基础非常详细，解决实际问题的时候觉得自己还有点儿聪明哈哈哈哈"""
落叶堆满心间,2,2019-07-29,0,"""个人觉得不适合有编程基础的人看"""
Lim Wu,4,2020-02-11,0,"""看了大半年，终于看完了。"""
DreamRedFly,5,2020-02-18,0,"""入门最佳"""
sennhvi,4,2019-09-07,1,"""学习浅入深出，图例不够趣味性不高，结构梳理较少，不建议没学过的看，学过的可以拿来复习。游戏设计过于复杂为了强调模块兼容而做了很多预先的设计，对新手不友好。数据分析使用pygal实际要求数学水平高中至少，至于一些具体的操作如取对数来看趋势，数学要求至少大学本科。"""
繼續討論厭煩,4,2019-09-29,0,"""微信读书上有这本的中文版，但对照了最新的英文原版，有很多地方还是不太一样，后者更细致详细了，part2 data visualization出入有些大。"""
菠萝大丸子,4,2019-09-05,1,"""学习python的入门书，内容比较全面，讲的也比较清晰，里面有代码。"""
。,3,2019-09-04,1,"""读读电子版就行了，两年前看的，读完心情很平淡"""
纳斯达克的钟声,5,2019-09-04,0,"""Python基础入门巅峰之作，赞"""
帕维尔克,3,2019-09-04,0,"""勉强算是读了一半 , 后面项目没去做 ,前面有点啰嗦 . 一定不要只看这一本书 , 需要搭配其他教材补足基础 .推荐配合廖雪峰的博客一起看 ,因为这本书漏掉了很多迭代器 ,装饰器之类的核心特性 ,它们也是基础的一部分,不知道的话以后会懵逼"""
长绵,5,2019-09-03,1,"""作为入门书，写得不错，例子逐行解释，还有半本书的案例。"""
回答,3,2019-09-03,0,"""3.5 回头看有点太浅了"""
🌸🌸🌸,5,2019-09-03,1,"""没有编程基础也可以看，很基础，适合入门"""
Jonas,3,2019-09-03,1,"""其实这本书有点坑的，高级特性基本不介绍，要是有其他语言的基础，还是去看廖雪峰吧。后面的三个项目说实话完全没必要做，调包而已。"""
硬邦邦,5,2019-09-01,0,"""无论是讲解还是习题都过于基础 适合完全没有编程语言基础的人 如果学过任何一门编程语言 建议直接看文档 (从书中看出作者也喜欢Jimi Hendrix,看来是摇滚乐迷)"""
Tyler.JIANG,5,2019-08-28,0,"""浅显易懂，非常适合入门，翻开第一页开始就停不下来。比网上鱼龙混杂的课程不知道高到哪里去了。"""
pia哒,5,2019-08-28,0,"""拿来换脑子的，我的逃避型拖延是没救了"""
lwflwf1,5,2019-12-17,0,"""讲得很浅，只适合完全不懂的人，有基础的还是看廖雪峰比较好"""
痕迹,5,2019-09-22,0,"""基础部分很详尽，但我的知识储备还太少，后面的项目部分等看完gihub的几个开源在试试。"""
阿毛,4,2019-08-28,0,"""没有numpy和pandas这些模块，条理还可以，四五小时刷完，web和游戏都没有看"""
祁勋,2,2019-08-26,0,"""前面的基础讲的还可以，后面的项目讲的太不详细"""
小牛牛,3,2019-08-26,0,"""也就入门了解了解了，从第二个项目开始就说不清楚了 不针对windows用户了"""
浪游者,4,2019-09-01,0,"""适合我这样的小白，写的很详细，例子也很简单，按着书上代码敲下来并且做习题，对python能有基本的认识，深入还需要看其他书或者实践"""
安德鲁,4,2019-11-22,0,"""目前来说还是容易懂的，还可以上手一些项目来实践一下"""
Mr.Tambourine,5,2019-10-08,0,"""python入门必备，对新手极其友好"""
杰克,5,2019-10-06,2,"""这本书非常不错，如果刚开始学没基础的话，强烈推荐这本，而且也会讲到很多细节，如果有需要这本书的可以加群，我可以免费分享给大家871458817"""
夏洛特_,5,2019-10-03,0,"""图灵图书，买来温习python知识到，却有了新到收获。一本好书！"""
已注销,5,2019-10-03,0,"""哈哈哈哈哈哈"""
溪夜,5,2019-10-02,0,"""为了复习语法快速扫了一圈，有空细细查漏补缺，比起15年初资料匮乏时期的我来说，现在真是找啥都容易。想到当年为了在食堂编程，差点买个华硕T100TA，恍如隔世。"""
陈静,5,2019-10-01,0,"""详细"""
[已注销],4,2019-09-30,0,"""我在学蛇"""
剂制抑,5,2019-09-29,0,"""现在看来此书虽然不能算尽善尽美 但是多少半路出家的大神的第一行python代码是跟着这玩意儿写出来的 仅此一点 五星不过分"""
林小畅,5,2019-10-01,0,"""非常适合小白的Python入门书，强烈推荐"""
淼王星,4,2019-10-20,0,"""花了两天时间总算把vs code的python环境搭建好，也是效率低下的很了，想来在ubuntu下vs code玩python，同时还可以学一点linux，也是极好的"""
Mary,4,2019-09-25,0,"""缺点就是太贵"""
tianheng,5,2019-09-24,0,"""适合拿来翻阅"""
𝒁𝒆𝒃𝒉𝒚𝒓,4,2019-12-28,0,"""书不错，就是好浅啊🤣"""
豆坟,,,0,""" @2019-09-09 14:03:34"""
Lyve,5,2019-09-18,0,"""入门好用"""
恒星的恒心,5,2019-09-15,0,"""基础部分讲解详略得当，举例形象。然后是三个项目的讲解，第一个是小游戏，激发学习兴趣并且起巩固作用吧；第二个是数据分析；第三个是Django。可以根据自身需要选择观赏，再次感慨Python的库真是丰富啊。"""
稀释象牙白,5,2019-12-19,0,"""这本书不好好学习我原地爆炸电子书共237页，每天五页以上，放宽松也是在50天内结束20191010感慨一下，编的真不错，后面三个项目我只看第二个数据可视化，其他的没兴趣，着实轻松了许多。20191007—01~1—1920191008—02~19—2620191009—03～26—3820191010—04～38—5320191011—05～53—58，今天开组会，想明白了很多事情。20191012—06～58—6220191013—07～62—7720191014—08～77—8420191015—09～84—9220191016—10～92—108项目部分可能会用到数据可视化部分，暂时看完前11章了，其他用到时再看。20191212开始回来看可视化"""
-泠柒-,5,2019-12-07,0,"""还没学完，这本书非常适合入门，一点也不枯燥，看着就很有兴趣！"""
羚羊猫头鹰,5,2020-02-23,0,"""对新手极其友好，由浅入深，结合实际，一点都不枯燥。每章开始都先讲下基本知识点，然后教你运用刚学的知识去解决实际问题，最后再让你独立解决其他问题。最后的外星人入侵项目和Django学习笔记项目真的好，算法、数据和架构都非常规范清晰。"""
已 注 销,3,2020-03-19,0,"""入门级"""
罗格的夏天,5,2019-11-06,0,"""读过的最好的编程书！！没有之一！！"""
雨水一盒,5,2019-11-05,0,"""有趣简单但又干货满满"""
月见,5,2019-11-05,0,"""非常适合小白入门的书，如果从未接触过编程相关，这本绝对是最适合的。"""
羊肉泡馍,4,2019-11-05,0,"""还不错后面有几个好玩的实验大二暑假入门用的"""
AthenaDDD,5,2019-11-06,0,"""【完成任务打卡】11月6日：读到199页了，真的是入门好书！-------11月5日更新：读到99页了，今天读完周四（11.7）之前读到两百页"""
段段,5,2019-11-02,0,"""一个月过完，C++、C#、php过来的没太大压力……"""
学会自律！,3,2019-10-30,0,"""前面写的还不错，后面三个项目较为笼统"""
哟小惠,3,2019-10-28,0,"""按照方法论的要求速读了第一遍 什么都没记住。。"""
涧水湛如蓝,5,2019-10-20,0,"""非常好用"""
执笔安天下,5,2019-10-29,0,"""通俗易懂，简单明了，比某些国内的书强多了。"""
苦瓜酱yedu,5,2019-10-19,0,"""小白入手加一个mooc视频事半功倍"""
借我,5,2019-10-18,0,"""写的实在是太好了！我的Python入门书籍。"""
从戎又可奈何,5,2019-10-17,0,"""找机会复习一下，那是什么时候呢？"""
累了的西西弗斯,5,2019-10-16,0,"""通俗易懂 很适合入门学习 但是有很多概念没有提及"""
婉兮清扬,4,2019-10-14,0,"""通俗易懂，基础涵盖全面"""
青桐,4,2020-03-15,0,"""virtualenv库死活安装不了"""
[已注销],5,2019-10-13,0,"""终于学完啦！一本非常有成就感的书，让我这个纯纯纯文科思维的人也可以快速上手"""
VPointer,5,2019-10-12,0,"""读的第一本python书，很经典，非常适合新手"""
Zikey,5,2019-10-12,0,"""从别的坑过来的，感人哭了，条理清晰逐渐递进，智障友好。手把手的巨婴教材。"""
jiangda,5,2019-11-23,0,"""很不错的入门书"""
一颗小鸟,4,2019-11-21,0,"""python是世界上最好的语言"""
LouisCheers,,,0,"""我看见颗猕猴桃"""
[已注销],5,2019-11-19,0,"""这本书教会我打飞机"""
带芽的树桩,5,2019-11-18,0,"""讲解直观，实例丰富，入门必读。悄悄地说一句：“后面还有三个小项目练手～～～”"""
-墨菲斯,5,2019-11-16,0,"""入门友好"""
KK,4,2019-11-15,0,"""秃头警告，慢慢啃"""
秋之未落,5,2019-11-14,0,"""挺适合入门的，好书！"""
Bruce,4,2019-11-12,0,"""哈哈哈"""
muyesou,4,2019-11-18,0,"""暂时过了基础等需要做项目再接着看"""
kdm,5,2019-11-11,0,"""比老师教的好"""
不肖生,4,2019-11-09,0,"""余最后Django三章"""
柯西吃西瓜,5,2019-11-08,0,"""最好的一本python入门教材"""
sclass,4,2019-11-07,0,"""适合快速入门"""
光脚丫那人,5,2019-11-06,0,"""非常基础，适合没有编程经验的同学，先跟着书走一边，代码都敲一边，很简单哈"""
要我一直笑吗,5,2019-11-06,0,"""作为入门十分适合的书，在学习语法方面完全足够，但我觉得还可以在一些小的方面进行改进，例如讲编辑器时以pycharm为例，讲pip时增加一部分将下载源更换为国内节点的方法之类的，更加符合中国国情。"""
Benji,5,2019-11-06,0,"""我的python入门书，写的真的很棒！"""
澍,5,2019-11-06,0,"""本科学Python的时候看的 有代码 有结果 适合新手"""
L.S.,,,0,"""太基础了，适合入门，有经验的还是不要选这本了"""
词不达意,5,2019-11-06,0,"""入门极佳 三个项目慢慢做吧"""
假装看风景,5,2019-12-29,0,"""一步步学习编一个打飞机的游戏，最后竟然用来全网爬自己、eex、eex现任？？？"""
Den,5,2020-02-11,0,"""🐂🍺！书看着很厚，但其实真啃起来并没有那么难。书的内容很详细，特别适合入门用。而且书很多代码不是一步写成的，作者教你很多思路，如何对代码进行重构，思路很清晰。入了这么多年的python，终于通过这本书入门了，第一个超过百行的代码，第一个完工的project...感谢作者！"""
歧路花火,4,2019-12-21,0,"""前面第一部分基础知识共十章，写得简洁明白，也有所取舍，砍了很多高级特性的介绍，就是最简单的基础内容，帮助读者快速上手 Python；第十章的单元测试其实有点突兀，因为这个更像是一个软件工程领域的拓展，但想了想之前做过的一个源码分析项目，涉及到很多 gtest 的内容，对作者这种「单元测试习惯要从小抓起」的信念还是可以理解的。第二部分的项目，个人认为讲得最好的是数据可视化，提到的几个包都很实用，几行代码做出来的效果不错。其次是外星人入侵的游戏，Pygame 最近诈尸更新且计划次世代；不断重构和分离成独立函数的思想有所渗透，可惜涉及包的方法不多（还没有父子那本多）。那个 Django 部分我真的无力吐槽，生怕新手会了，还敢再引入 bootstrap、git 和 heroku，搅得乱七八糟。"""
nathen,5,2019-12-18,0,"""入门级的Python参考书"""
曾建豪,5,2019-12-18,0,"""啥叫入门书呀，这就叫入门书/战术后仰，通俗易懂又舒适"""
苹果厨子,5,2019-12-17,0,"""真正优秀的新手入门教材。"""
糖醋白骨精,3,2019-12-12,0,"""后面的项目实践，pygame都停止更新了，官网下都下不了"""
王颖Zwei,5,2019-12-11,0,"""很友好。"""
Ricardo.M.TanS,3,2019-12-10,0,"""这本书适合入门，不适合已经有编程经验的人阅读（指的是完整学习过一门语言），对于有编程经验的人来说，适合扫盲，不过不建议通过这本书。"""
Sua,5,2019-12-08,0,"""易上手，翻译有些地方看着很懵，不过总体还行，本书在图灵社区的勘误板块也做的很好"""
匪鱼,4,2019-12-08,0,"""编程入门适用，有其他语言基础就太简单了。"""
Henturay,5,2019-12-07,0,"""作为入门不错的."""
LOU,5,2019-12-04,0,"""作为入门书籍是完美的"""
广振,5,2019-12-03,0,"""先草草看过廖雪峰的python教程，后直接翻开书临摹Django项目，感觉学得不成系统，于是又把前面基础知识和数据分析部分快速看了遍，我觉得比网上碎片化的阅读效果要强很多"""
夏诤,5,2020-01-23,0,"""这本书这辈子能看完吗"""
飞羽,5,2019-12-07,0,"""推荐推荐，讲的详细。和以前学C语言，有点类似，语法更简洁。新手上路，多多关照。"""
八街汉子,5,2020-02-27,0,"""补打卡，很好的python入门书。"""
大满,5,2019-11-29,0,"""非常基础，适合没接触编程的跨行小白。"""
花花,5,2019-11-28,0,"""以前刚入门的时候读还是很吃力的，里面很多东西对于小白来说还是有难度的。现在回过头来看，的确是一本很好的书逻辑清楚，例子也很有意思。"""
甜点猪,4,2019-11-27,0,"""特别到位的小白入门书。对我而言，我还是把它定位在数据处理和人工智能上。"""
匿名,5,2020-01-18,0,"""小白易上手"""
蚀月,3,2020-01-17,0,"""入门尚可，深入不足。缺乏专业性表述，推荐业余人士学习使用。"""
Npl.,5,2020-01-17,0,"""python入门佳作"""
安吧观光团,4,2020-01-12,0,"""可能不太适合从业人员，我买了一本，没看完但是写代码的时候查过几次，内容比较浅显"""
法外狂徒张三,3,2020-01-12,0,"""花点时间浏览了下，比较适合初学者入门，不是很细致"""
reborn,5,2020-01-11,0,"""真正的零基础入门书，适合中学生和编程小白，翻译完美。"""
墨迹绪绪,5,2020-01-11,0,"""简单通俗易懂，入门的好教材；大部分内容我都很熟悉，随便翻了翻"""
木头说,5,2020-01-09,0,"""非常好的入门书籍，对于小白非常友好。带有三个实战项目，巩固所学内容。"""
阿陳,,,0,"""可教育聘兼职我们专注成人IT教育急招校园招生代理及课程顾问此工作可在自己校园内进行工作轻松，多劳多得（日均150+）一，工作内容1.邀请学生参加试听课，做到有效拉访2.确定收集、统计、整理资料数据，回访潜在客户3.定期参加业务培训4.协助市场工作5.根据自己时间安排进行地推工作（日结）二，福利待遇1.额外奖金（提成600+）2.上可教育实习证明3.免费岗前培训联系电话:上可教育市场部 陈老师 1522190062（微信同号）"""
Out,5,2020-01-09,0,"""python给爷爬"""
大米,5,2020-01-07,0,"""我就是靠这本书入门的，加油呢。"""
[已注销],,,0,"""后半段实践没做"""
钵中衣,4,2020-02-26,0,"""比较友好，学完基础后，试着写了打外星人的游戏，不太懂，上网找了爬虫的代码，抓取了豆瓣电影250的数据，感觉有点意思了。（以后还会回来再读的）"""
塞瓦斯托波尔,5,2020-01-05,0,"""很棒的入门书。"""
黄亮,5,2020-01-05,0,"""国外教材就是通俗易懂，也做到了实用，精深，有趣，字里行间也往往体现了“教育的本质在于启蒙”这句话"""
丘小七,5,2020-01-29,0,"""已有电子版"""
时光会咬人,5,2020-02-02,0,"""入门神书"""
噜噜叫夏天,4,2020-01-17,0,"""非常非常适合零基础选手入门，这里的零基础是指没有编程基础没有计算机语言基础没有数据库管理基础。扣一星正是因为太适合零基础入门，所以完全省略了语法和逻辑，常常看的摸不着头脑，要去CSDN上去看到底哪里出了问题。但是还是相当好的一本书，因为作为入门工具书，写的一点不无聊，已经能够起到入门的作用了"""
Fran西,4,2020-01-01,0,"""较基础"""
大傻在忽悠着你,3,2019-12-31,0,"""只能说一般，后面不如前面基础介绍好"""
MK,5,2020-02-08,0,"""尽请期待"""
像个神仙,4,2020-02-12,0,"""平白易懂，上手快。"""
飞燕草Karen,5,2020-02-23,0,"""入门选了这本书，架构很清楚。特地画了简单的结构图。"""
橙色背景很醒目,5,2020-02-06,0,"""比北京理工大学在MOOC上的Python国家精品课程讲得还好"""
Sunflower,5,2020-02-06,0,"""入门级python书籍，非常浅显易懂。容易由浅入深，不会觉得枯燥。"""
梓橦,4,2020-02-04,0,"""入门可 写的很详细了"""
钓鱼岛的海贼,4,2020-02-03,0,"""基础知识部分"""
hhmy27,3,2020-02-03,0,"""好书，适合没学过其它编程语言的人细看。手把手教学可以说是很仔细了。书后面的项目做完很有成就感。可惜很多python特性没讲到，进一步深入要去看其它书。"""
闲吃小栗子,4,2020-02-02,0,"""知乎大佬说是最好的编程入门书，我看了感觉也是，仅限于入门，无法精通🤕，各个部分都是比较浅显，也是符合本书定位，如果想继续深入还得再额外阅读，后面的实战包括游戏，可视化，web还是挺有用的，值得推荐"""
Gir.,4,2020-02-01,0,"""回顾"""
反转,,,0,"""我的python入门书"""
星期一的鹰,4,2020-02-20,0,"""我是2020年读的这本书，从入门的角度来说，这本是非常适合对编程以及Python一无所知的人入门。书的前半部分就是教授关于Python的基础知识，手把手式教学，逻辑连贯不跳跃，需要了解的知识点都有涵盖，读来一气呵成，对小白非常友好。后三章是讲解实战项目，分别是游戏、数据可视化、个人网站搭建。游戏我没做，数据可视化我操作了，但是这部分内容不够清楚，在处理CSV文件的部分没法跟着实操，而JSON文件的部分则是译者狗尾续貂。个人网站搭建十分有用，可惜采用的Django框架还是2以前的，难免过时，而在实操时我也因为版本问题遇到不少BUG，好在靠着搜索全部解决。总体来说，感谢这本书领我进入了Python的大门，路漫漫其修远兮，我将继续学习。"""
字母数字下划线,5,2020-01-31,0,"""学了c的看起来会更快，对初学者非常友好。"""
lucifht whirre,5,2020-02-05,0,"""python之路，道长路远。这本书是将我带入这个神奇新领域的大功臣"""
herakles,5,2020-01-30,0,"""自学python时看的，个人认为是python必备书。讲得很系统，例子很准确。体验极佳，上手很快。"""
闲人不梦筠,5,2020-01-29,0,"""看了觉得会有用的基础章节，很不错。其他的实战中再看吧，反正也都记不住🌝🌝"""
月亮,5,2020-03-18,0,"""简单易懂清晰明了，作为自学入门很合适哇"""
Infinity37,4,2020-01-28,0,"""非常易读也很容易懂 只读了基础部分还没怎么看项目部分 四星因为有些地方还不够详细 实践的时候还是有一点点障碍 感觉这本书非常适合三日速成python"""
后火Backfire,5,2020-02-05,0,"""曾经用于入门Python的第一本书。"""
GreenLight,5,2020-01-19,0,"""小白福音，科班买了没什么用（内容太少）"""
夏落,4,2020-02-23,0,"""比较通俗易懂，第三个项目暂时用不到，没有仔细读。"""
豆友206477414,5,2020-02-21,0,"""读的过程中，仿佛有一个亲切的大叔引领着你进入编程的异世界大门"""
Lincoln Flynn,5,2020-02-20,0,"""新手友好型"""
戒酒鹿,5,2020-02-20,1,"""@微信读书python最佳入门书，没有之一。手把手教学，一行行解释，非常良心。时间原因，跳过了项目里的游戏和Django，后续再来学。接下来要学习Numpy、matplotlib、pandas了。基础打得差不多了，就要practice、practice、practice"""
0nhc,5,2020-02-20,0,"""很适合新手入门 浅显易懂！"""
雷文桐,,,1,"""太难了、有点接受不了、是不是全世界就只有我是笨蛋啊"""
张立伟,4,2020-02-18,0,"""正在看，作为p ython入门书来说还不错"""
月亮,5,2020-02-17,0,"""真的是入门首选了，很不错。"""
TripleZ,5,2020-02-17,0,"""计算机零基础必备。"""
Q,4,2020-02-17,0,"""入门是极好的，但也仅仅是入门"""
Alan Lu,5,2020-02-16,0,"""非常好的一本 python 入门的书，喜欢书中的献言：谨以此书献给我的父亲，以及儿子Ever。感谢父亲抽出时间来回答我提出的每个编程问题，而儿子Ever也开始向我提问了。"""
COCO,5,2020-02-15,0,"""入门绝佳"""
Wen,4,2020-02-15,0,"""非常合适的入门书籍，后面的三个项目也很有趣。希望「数据可视化」项目能再系统一些，「Web应用程序」最后的服务器端部署如果利用国内也能注册登录的平台就好了。"""
RASH,5,2020-02-13,0,"""很好上手"""
Xin,3,2020-02-13,0,"""入门书，但是也只适合入门，不建议所有有任何编程基础的人阅读"""
kenshin,5,2020-02-13,0,"""给新手读是相当简洁易懂上手极快"""
Porte Étroite,4,2020-02-11,0,"""不如听MOOC，学了几天MOOC，这本书前半本只用了两三个小时。确实对新手很友好。"""
Chyu Tzer-tyan,5,2020-02-11,0,"""五颗星给这本书的译文水平。这是计算机类书籍中译得水平很好的那一级别的。"""
zzh,5,2020-02-10,0,"""人生苦短我用python, 快来学吧,只需要初中英语和数学基础..."""
科利奥兰纳斯,5,2020-02-10,0,"""书是好书，适合我这种小白。趁着冠状病毒疫情赋闲在家刷了一遍，刷的有点急了，第一部分掌握的还行，第二部份差了点。批评自己一下。"""
