用户名,评分,推荐,内容,评论时间
AlphaDiao,5,力荐,觉得此生又有了希望……虽然已经29了又怎样,2016-12-30
[已注销],5,力荐,学习方法的工具书，其要点：1.脱离学习舒适区，抛弃已掌握知识直接攻克高级阶段。2.刻意进行难度训练，练习自己一直恐惧且逃避的学习内容。3.不断的专注的重复重复重复。4.获得反馈，将学到的理论用于实践。,2016-11-21
Miss bean,4,推荐,理论ok...真的太啰嗦了……可以压缩到十页好吗……,2016-12-31
null,5,力荐,90分钟让你明白「90分钟学会xxx」都是放屁。刚刚1.5小时看完15万字的一本书，怎么做到的？上网搜「如何快速理解一本书」之类的，然后开始「刻意练习」。,2016-11-25
Renzo,1,很差,看到这类全是案例的畅销书要长个心眼，此书信息密度太低，就像是我高中时写的议论文，什么素材都往题目套。,2017-02-03
诚猫组务号,2,较差,"超～～～极～～～啰～～～嗦～～～

明明８００字就能解决的问题啊这～～～",2017-01-18
Henry,3,还行,......一页纸就能说清楚，非要写一本书,2017-01-25
sundevilyang,4,推荐,学，是人与人的信息分享；习，「刻意练习」是一种孤独的追求；知识教育，大多重「学」轻「习」。须知，学习技能的思维，「能做什么」远比「知道什么」有效，因为确定了前者后者也就随之而来。推荐此书，不光让我了解很多学习的窍门，也让我明白过去自己课程设计有缺陷的地方。,2016-11-01
Alcibiades,1,很差,我承认自己是以极快的速度浏览完的。但是这本书基本就上把几句话扩展成一本300多页的书。啰里啰嗦磨磨唧唧，把读者当成弱者儿童，当成小学都毕业不了的白痴。本书秉承了美国式成功学畅销书的典范，面向的是连拼写都完不成的公立学校教育出来的美国人吧。中心思想在万维钢的关于刻意练习的文章中都写明了，就是针对不舒适不安全的区位刻意练习。这个方法对练个体育或者小提琴也许有作用吧。但就算完全按照他说得那样做，不过是一个熟练的匠人罢了。我再也不看美国成功学了。看完真是愤怒。要不是我决定再也不在读书时半途而废，我根本不会读完它。,2016-12-28
腰腰,3,还行,举了大量例子说了两件事：1.只要通过刻意练习，谁都是天才；2.刻意练习不是埋头练习。,2016-12-15
nothing传叔,3,还行,比较罗嗦，但是特别打脸那些自称“一万小时实践者”的人（萦），啊哈哈哈。。。,2017-02-04
邵三叔,4,推荐,这本书讲的是：你在家做了10000个小时的饭没有成为大师，在新东方学习了三年，高薪就业了！,2017-01-20
innsbruck,2,较差,"垃圾，没啥内容，一个观点下面，找一大推例子和典故，这畅销书的写法太low了
都是宣传的好。",2017-02-02
小轩Eileen,4,推荐,两个重点：1. 创建有效的心理表征是专家和一般人的主要区别；2. 世界上没有天才，潜力是可以开发的，并且要大量的刻意练习。读完以后明白了为何老板在seminar开始几分钟以后就打瞌睡，但醒过来却总能提出高质量的问题了。这本书对于个人精进和子女教养上很有启发。,2016-11-22
甲🌈,5,力荐,"书的概念不算新，但是我本人非常认同。比如关于""意志力""""天赋""""天真练习vs刻意练习""等的阐述。读之前我一直在反思自己在马拉松、日语学习、钢琴中的练习方式。自己的想法和书里的蛮一致的。总之如果你已经处于""可以坚持练习""的阶段，而且想把目标从""可接受的""再提高一步，这本书很适合。",2016-11-18
SadTomato,3,还行,建议缩短到2万字。,2017-02-04
鹿小爱,4,推荐,作者举了无数个例子证明只要经过刻意练习，你也可以成为很厉害的人,2016-11-06
山兔子园园,2,较差,好啰嗦，干货少,2017-01-02
Apka,1,很差,推荐序是豆瓣红人写的，我就不点名骂了。写序不是让你贬低前人，草泥马逼《异类》《一万小时天才理论》你究竟读没读？心里有点逼数吗？,2018-05-14
慎独,2,较差,这种东西评8分，是水军的力量，还是无脑的群众真的太多？,2016-12-12
Brad,3,还行,作者全文反复一直在强调一个观点：练习，不断地练习，反馈效果，走出舒适区。论证太多了反而没必要，即便论点我也是部分赞同的。没看完 (30%)，不看了。,2017-01-12
森风,5,力荐,"刻意训练，需要内在动机刺激自己不断走出confort zone，需要有及时的feadback，需要用习惯来减少意志力损耗以保持focus。
反思小和尚念经式付出的良好感觉。",2016-11-20
Sky,3,还行,1-15 在飞机上3个小时读完。这一类的工具书看多了七八成的方法论都是差不多，和《异类》、《一万小时理论》内容有重叠。,2017-01-28
倪考梦,5,力荐,第七章“成为杰出人物的路线图”特别好，谈了如何从爱好者变成学徒、专家和大师。,2016-11-14
软体不稳那那酱,1,很差,凑单买的，对我来说没什么用，估计之后就拿去送人或者给图书馆了。总结起来就是“少丧少懒多练多做”，这不废话么，速读到尾都没看见教人怎么少丧少懒,2017-01-10
陈小憨˙Ꙫ˙,4,推荐,美国人总能把一篇论文写清楚的东西写成一本书。,2017-02-16
素素,5,力荐,很有用，让我不再妄自菲薄也不再盲目自信，确认 所有的成功都要经过有目的、有方法的练习，并且是大量的长时间的练习。,2017-04-02
MaY°玫,5,力荐,原来这是新书啊，难怪读得人还不够多。本文有点此类书的通病，就是写得又长又烦琐，可能只要十页就能讲完讲清楚，不过外国人逻辑科研严谨用了很多年和各行各业的实验数据来认证所以也没有毛病，看得时候简直是追着看。看完你会发现这世上没有天才，有的只是从小在你不知情的情况下刻意练习产生了效果，然后别人夸奖你取得正面反馈机制投入更多热情去做那件事情哈哈哈。厉害了我的书！！！！,2017-01-24
秋水,2,较差,没有觉得有什么可以学习的地方,2017-01-12
陆钓雪,3,还行,不断重复只是“天真的练习”，无法带来进步。“正确的练习”需要好导师、有目标、有反馈……无论你是孩子还是成年人，无论你是否有“天赋”，只要掌握正确的方法，你的梦想都可以实现。如果你相信“21天学会C语言”“3天学会弹钢琴”，那么本书不适合你。如果你不满足于自己的能力只是“足够好”，一直在追求“非常好”，那么本书就是为你而写的。放弃一切错误方法，从今天开始“刻意练习”，因为这是最强大的，也是唯一正确的学习方法。钓雪按：做学术嘛，非要说有捷径的话那就只有一条，便是聪明人下笨功夫。,2019-02-23
鹿小洁,3,还行,"“心理表征”。全书只有这个段落最吸引我，就是大师和新手对于大量数据块的大脑处理。新手对此无感。
如果知识和记忆不能被主观调用，真的不是有效率的练习！
从舒适区走出来，睁眼看世界！",2017-01-04
悠,,9-,快速看完的一本书。简单记几点。※不必过多相信天赋，还是要相信人的潜力无限※一万小时定律这个说法不够全面，应该是“有效练习时间”※也就是小时候听见大人常说的那句“你给我用心做、好好做，不要弄表面功夫敷衍我”，这个道理仍然是适用的※但是父母没告诉你，如何是“用心”？书中用了“创建心理表征”的概念来解释“用心”，以及何为“好好做”？即做完了，看自己做得如何，错在哪里，是否能改正，下次还会不会错。我个人倒是觉得如果一个人在早期就有良好的学习习惯，再搭配一些高效的学习方法，做事情都事半功倍，但大部分人好像更愿意欺骗自己，自认为“管理好了时间，便是管理好了事情”。,2018-09-19
呆梨羊,3,还行,刻意练习精髓就是适度难度，重复，反馈和改进。另外就是在瓶颈时尝试不同路径,2016-11-14
eisbrecher,4,推荐,"耐心地、谦虚地保持大时间周期的刻意练习。你训练，是为了有目的有针对性的当一名…
由森林而视树木。
最杰出的人是那些在各种有目的的练习中花了最多时间的人。
刻意练习
1.训练的方案，有效的指导
2.舒适区外
3.完全的关注和有意识的行动
4.反馈，为应对反馈进行调整的努力
5.有效心里表征
6.有针对的提高
通过导师，在更高层面上学习基本技能。",2016-11-27
药山,5,力荐,刻意练习的方法论一目了然，序言特别值得一读,2017-01-14
恰妮斯虫,3,还行,同志们，要相信自己是个可塑之才啊！你要努力，你要奋斗，你不能假模假式学上一万小时就以为自己能超越前人。要掌握方法，要找准学习对象，要远离舒适区，你不信的话我就给你举例子。☜大概通篇就是说了这么个意思吧，是在大量实验的基础上总结出的理论，但非常非常啰嗦。,2017-12-30
X,5,力荐,学习一项技能，在经过一段时间后初步的熟悉，会产生了一种自动化的能力，但是不刻意练习的话，这种能力会缓慢退化；刻意练习专注反馈，多角度思考；基因的差异可能给你一点先发优势，但是长远来看占上风的是更勤奋的人；过度迷信天分，会陷入一种预言自我实现，要相信自己的潜力，努力去实现这种潜力。,2017-06-17
[已注销],5,力荐,1可以训练出潜能，大脑也可以重新被塑造2有效训练，低效的练习不是刻意练习，有目的的训练3跳出舒适期4刻意练习，心理表征，明确目标，行业标准，成功者的经验,2017-03-10
Mignon,3,还行,非常啰嗦，直接读评论里的总结就够了,2017-04-30
这么远那么近,4,推荐,练习主要还是方法论的问题，刻意练习一要有针对性，二是避免重复，更不能只顾埋头苦干，不然可就真的只成感动自己了。,2018-04-20
stina525,3,还行,讲真，所有的内容第一章就全部说完了。后面就换着角度的重复……,2017-01-14
北落师门,3,还行,有些有用的信息，但过于冗长，重复太多，版税按字数收么？,2016-12-17
林雨飞,4,推荐,看完之后觉得最需要的就是找到一个好老师了。,2017-04-04
林久久,3,还行,一句话概括就是：设定明确目标（最好量化）的练习才有价值，区别于无意义的重复。道理没毛病，减星因为话多,2018-07-24
Taubau,4,推荐,书中写了很多故事，翻之前还在好奇为什么这本书的上架指导会是『成功励志』。读完了发现，真的就是破除你心中各种对自己的不信任；而比较有效的建议就是：抛弃天真性的练习，而要做有针对性的练习。因此，你需要找到一个目标（真正的大师），找出你自己和他得差距，针对不同的方面进行针对性的练习，同时你需要一个导师告诉你哪里做的不对，并加以改进；这时你可能会感觉非常枯燥，因此你需要保持动机，它可能来自你自身的兴趣也可能来自外部环境，以此来保证你的训练时间。当然不是所有人都完全具备以上这些条件，这时候，你就需要最大限度地利用各种条件实践这些原则:),2017-02-09
苏诗丁_Jun,,3-,所谓天才，就是可以在枯燥中寻找乐趣和成就感，智力的差别并不是成为英雄的决定因素，去做就好了，过程中寻找正确的方式，并且没有捷径。,2018-03-06
胖达叔,3,还行,为讲座而去看了这本书，感觉还不错。此书对《异类》中的一万小时天才理论提出修正。但是总体思想仍然是：智商在入门阶段会产生巨大影响，但是一旦进入较高级阶段之后，刻意（有向导有意识）练习将会产生更大的影响，直到继续增加练习也不能明显提高效果为止。例子包括语言、音乐、舞蹈、体育等各个方面。,2017-04-24
韧勉,5,力荐,说所有的天才都切分成元素，从而不能算天才那段最为怯魅。,2018-12-23
空台,5,力荐,［2018036］5小时45分。2018年度刷新我认知的第四本好书。没有比较就没有伤害，格拉德威尔《异类》一万小时理论更多用一个整数迎合了读者，严重缺乏理论和研究基础。而《刻意练习》是心理学教授的著作，依赖于大量科学、心理学及神经学案例及研究理论作为基础，极具说服力，而且针对刻意练习提出了行之有效的实操路径，可谓实至名归。相形之下，前者名不副实，徒有皮囊，最多只能给2星。书中强调有目的的练习，重在创建“心理表征”，走出舒适区而后专注地长时练习，同时用反馈检测自己的进步程度。整个过程需要用“系统论”的方法不断微调改进，从而取得最佳训练效果。这样的书读后只有心悦诚服，后面还需再三细读研究。,2018-10-06
佩吉,5,力荐,印证了我自己一直考虑的一点，就是说，其实很多事情经过练习，都可以成为这个领域的大师，所谓刻意练习，其实就是全神贯注，思考和学习并进的结果。确信了这一点，我也相信自己会成为一个吉他师和手鼓演奏者。,2018-05-22
卡尔,5,力荐,“专注”地“投入大量的时间”，“逃离舒适区而在学习区”练习，建立“反馈”，积极“修正”，从知识到达“技能”。条件允许的话找个“导师”、“教练”。,2018-01-02
郫县豆瓣,4,推荐,目的：建立心理表征，思考新手与大师的心理表征不一样的地方在哪，学会以大师思维方式思考。方法：逃离舒适区，进行有目的有难度的练习，获得反馈， 不断纠正调整，然后继续练习。只要不断坚持，此方法运用得当可以掌握大量技能。“天才”无非是运气好加刻苦练习得当。  方法论很好，就是真的太啰嗦了！一个论证要说很多例子，可以略过。,2018-06-10
楚彤,5,力荐,每一次读想法都不太一样，今年陆续读完，也把方法引入到了网球和乐器学习中，更多地也去把练习方法引入到教学，以帮助学生思考和建立心理表征。最后的附录部分可以挨个细看。,2018-01-03
五号航星,4,推荐,笨鸟可以先飞，我们可以用刻意练习的方法来创造自己的潜能。,2017-12-11
岱❤,2,较差,内容简介的第一句话：4岁就会弹奏小提琴……小提琴是用弹的么？←从简介就能看的出翻译和编辑都不太负责任，适合半小时翻一遍的书。,2017-02-01
格列柯南,3,还行,作者用一本书讲了两句话，就是有目的的练习加上心理复述,2016-12-11
芒来小姐,3,还行,有点啰嗦的工具书，干货内容可以压缩成小文章,2017-06-06
小菌子,5,力荐,感觉以后育儿用得上（only if。。。）,2017-01-08
[已注销],3,还行,在交界区痛苦成长，加上实时反馈。我似乎就是这样过了雅思,2016-11-07
不安的树,5,力荐,科学家写的大众图书，逻辑上没有硬伤，所提供的方法切实可行，对于我们大部分工作和学习实践都是有指导意义的。,2018-04-02
vigor绵绵,,1-,"好老师真的特别重要。
",2018-01-07
李厂长🉑,4,推荐,真鸟长的一本书，但是还是挺值得看一看的，不停的练习，大量操作不等于走出舒适区，话说我app是不是出问题了，看完了一本才花了三十分钟，我感觉看了俩小时啊~,2018-02-15
橙子爷爷,4,推荐,有目的的练习，通过练习构建心理表征，运用刻意练习，你便掌握了技能。仅仅知道某种知识并不能构成技能。并没有所谓天赋更高的这样一种东西，只有勤奋刻意练习成就杰出这种东西。,2017-09-26
Shine,4,推荐,讲了很多例子去辅以解说论点，但是有点啰嗦。,2017-06-04
否定君,3,还行,implicit modeling,2016-11-02
头撞墙,3,还行,及时反馈+心理表征,2016-12-14
林小檬,5,力荐,看了两遍，应该还会看几遍。有理论有方法，各个年龄层各个领域都能用得上。,2017-06-04
粥一,,1-,听读 ,2017-01-16
shininglove,3,还行,不能过分高估基因天赋，但也不能低估机会、动机和努力的价值，在情境中学习，激活长时记忆，当一名认知学徒，提高复杂化的思维能力，充分理解客观世界，利用身体与大脑的适应能力，咬牙逼一逼自己，若想成为专业技能化人才，必须走出舒适区，不单靠“1万小时理论”打鸡血。,2019-02-01
虾爷Marvin,3,还行,"几句话可以讲明白的东西硬凑成了一本书。简单概括就是：学习时逐步离开舒适区，Focus, Feedback and Fix。",2016-12-24
[已注销],3,还行,3.5,2016-11-22
秋葵子,3,还行,举例也太多了,2017-03-19
ʕ·͡ˑ·ཻʔ,4,推荐,#论天才是如何炼成的#杰出的人不是因为他们是天才而是他们在某项技能上投入刻意练习的时间最长，刻意练习3F原则「focus专注」；「feedback反馈」；「fix it 矫正」普通人通过长期不断的刻意练习也可以成为某一方面的高手。,2018-05-27
栋栋栋栋锵,4,推荐,其实也都是些老生常谈的东西，练习，反馈，专注，坚持 and so on……,2017-03-17
cys.tony,4,推荐,每个人从出生到现在所掌握的技能都来自练习，简单如拿起一只水杯，也是经过幼儿时期无数次的练习才熟练掌握的。只不过后来大家不太愿意继续练习了。,2017-12-04
传奇☂,5,力荐,2018-4-9 师傅说：成功＝一半的忍耐+一半的等待。推荐这本书给我看。,2020-01-29
tzungtzu,3,还行,《万万没想到》里面的同一个内容，掰开揉碎来讲，用了大量的实验事例。,2016-11-11
瓒,3,还行,调试那几天读完的 看了这么多方法论 最重要还是实践,2016-12-31
资深梦游,4,推荐,因为自己一直在学乐器，又在做创意和文案方面的培训，很多关于刻意练习的道理早就有所体会，读完这本书就更清晰了,2018-02-24
Moon,5,力荐,"对“一万小时理论”的修正性以及科学性阐释，给出了一套刻意练习的框架：目标、专注、反馈、舒适区。读完此书有如下三大启发：
    其一了解掌握正确“心理表征”重要性，这里“心理表征”可以理解为正确的心智模式或掌握门道，每个领域都有独特“心理表征”，唯有掌握正确“心理表征”再辅以刻意练习才有可能不断精进，成为高手；
    其二是了解练习正确方式，练习并非重复操练累积时间，而是有方法、有目标、有决心、有反馈且坚持不懈的挑战自己，走出舒适区，这才是所谓刻意练习，才能有所成效；
    其三是破除了关于天才的迷思，人的大脑、心理乃至身体都有很强可塑性，天赋对于成就卓越远不如刻意练习来的有效，这部分作者旁征博引，让人信服。",2017-03-28
非虚构,3,还行,"有噱头的成功学推销，方法论1.脱离学习舒适区，抛弃已掌握知识直接攻克高级阶段。2.刻意进行难度训练，练习自己一直恐惧且逃避的学习内容。3.不断的专注的重复重复重复。4.获得反馈，将学到的理论用于实践。通篇证明这个世界没有天才,无非是出于其他目的～",2017-01-11
不足为外人道也,3,还行,本书真正重要的内容还写不满一页A4纸,2017-01-17
宇宙佛系渣渣蓝,3,还行,没什么新东西啊。而且其实这一论调相关书籍都简化了一个重要问题：“努力”远不是一种“只要就”的普世能力——这也太小看“坚持”的份量了。这属于混淆“相关关系”和“因果关系”。在这一点上就比较成功学了。还是应该多读神经科学。,2017-01-11
十鳗,3,还行,第一次买这种学习理论的书，总的来看还是一本很水的书，但是其中还是有少许精华存在。最有用的一点就是如何克服无法坚持一件事，不仅仅可以通过给自己暗示，同时也可以通过降低放弃的成本来使自己更方便地达到目标。另外这本书对“一万小时理论”作出了批评，感觉这一点有助于大家更好地认识自己。,2016-12-28
好吃不如饺子,3,还行,“天才”并不存在，杰出能力是大量的练习与培训的结果。,2016-12-09
Blueberryfield,3,还行,可以浓缩成10页纸，再浓缩一下可以仅剩题目。因此，格外赞作者提及写作时也可用“心灵表征”的方法构建框架（用Mind Palace更帅）。不断督促自己走出舒适区，要降低阻碍、提高行动力，特别是要专注于目标或划分的小目标（比如赚一个亿）,2017-01-19
十甫寸草民,3,还行,概念很好，但好像用一篇论文就能讲清楚 :D,2017-01-02
ella沈炎炎,3,还行,“3F”学习法：focus（专注），feedback（反馈），fix it（纠正）。最佳的学习方法不是单打独斗，而是在情境中学习：1.加入共同的学习团体；2.找到模仿的榜样；3.边学习边用于实践；4.将大目标分解成一个个小目标，每达成一个小目标给自己奖励。 #9B/2017#,2017-01-24
话唠丸子,3,还行,本书的内容用几句话就可以概括，为毛要反反复复写那么多浪费纸张？不过还是很受启发就是了，很多时候努力很重要的，但是努力的方向更重要！,2017-01-14
Lyla,3,还行,例子很丰富，结果到显得有点水了。逻辑还比较清晰，记住了几个关键词：focus、feedback、fix it。以及，创建属于自己的心里表征，集中力量去刻苦练习。,2017-01-04
蓬蓬,5,力荐,梳理方法论,2017-04-22
莫小,,0-,开篇主旨如下：一万小时定理是偷我们的实验成果；一万小时定理是扯鸡巴蛋。后面内容还是举例为主，这类书的鼓动性之源。“心理表征”一词有一定指导意义，却仍难免含糊其辞。概括全书核心，一句话：刻意练习即不断练习，总结错误原因有针对性地再次练习的过程。,2017-10-02
思思李,3,还行,关键词：目标明确，专注投入，及时反馈，不断挑战舒适区，找到行业优秀导师，强化动机，坚持练习。适合每个怀抱梦想的人。,2017-01-06
懋,4,推荐,真相是，从来不存在1万小时定律，它仅仅是畅销书作家对心理科学研究的一次不太严谨的演绎而已，我们需要的是deliberate practice；此外，不同领域的技能习得时间与练习时间并不存在一个1万小时的最低阀值。,2016-12-08
etterding,4,推荐,质疑10000小时定理很久了，终于发现有书清晰地写出10000小时定理的不(pian)足(shu)，不过还是好啰嗦。,2016-12-13
更换呼吸,3,还行,"1.刻意练习方案：有目标，有反馈，持续改进；
2.在不断练习中总结经验(心理表征/心理范畴)，将经验抽象、编码，提升效率；
3.学习的步骤永远是从模仿到创作，再到创造。一个好老师非常重要；
4.练习就是大脑健身。刻意练习会健壮大脑的相应区域(某些地方也可能相对减弱)。
———
总的来说，前半部分总结了练习的方法，后半部分给“天才”祛魅。举的案例很多，不足一谈。",2020-01-24
无无无无无,,1-,第三本。  导师   focus  feedback  fix it,2016-11-26
昨夜风很大,2,较差,这类型的书看目录，快去浏览。作者的刻意练习既是，有目的性的持续性的正确的大量练习,2018-09-17
异乡异客,5,力荐,很多父母都在寻找孩子的天赋，也有很多人表示自己天生不擅长某个领域。而1万小时定律又让一些人盲目的刻苦练习。到底普通人、优秀的人、杰出的人有什么不同，两位作者好奇的做了多年的研究，总结出了一些规律。当然，这本书和所有西方作者一样，通过大量的试验、个案来阐述证明他那并不复杂的结论，但并不会让人感到这是一种“注水”，只有你通过作者举证的这些案例，才能更好的理解他的结论，非常值得读的一本书，五星了。,2016-12-02
女兒國宰相X,,5-,说了很多例子，实操的方法基本没谈。不需要那么多案例，典型的机场书写法，但是内容比较正确。真正的提升方法需要自己摸索啦，也挺好的。,2017-05-19
梓霑,2,较差,1，书中并没有什么独特的观点；2，感觉全书都是几个观点反复赘述，以至于很难有耐心读完；3，全书浓缩成一页纸足够了，小标题之外的文字几乎没什么吸引力；4方法论之类的书真是够了。。。,2019-11-19
岚大爷本人。,4,推荐,最大意义在于纠正流行读物中的观点，比如一万小时理论。关键因素是刻意练习＝跳出舒适区。重复和反馈。建立牢固的心理表征。某觉得主要问题还是点略散，本来作为一本商业书必然如此。可用的方法反而不太多，还得靠自己琢磨。,2017-02-04
蛋花酱,4,推荐,不要轻易对自己说不~,2016-11-22
白发空垂,4,推荐,"1、要有自信  2、要有好的导师和即时反馈
3、要有针对弱点练习  4、提高动力
5、稍稍走出舒适圈  6、学的目的是运用
每一条都是老师的老生常谈，但是好处就是重新反复说一遍，印象更深一些。
另外说到alpha go的时候惊讶地发现终极一战竟然是好几年前了，见证历史感。",2019-07-13
粟阿姨,4,推荐,我看完了还是有点不太信。本书意思是你只要刻意练习了，就能至少成为专业人士。但是他举的例子似乎都是象棋大师之类的高素质人才，或者起码也是考上哥大的大学生。我觉得在大众之中起码有相当一部分是智商不高的平庸人群，不清楚这个方法对他们是否有用。,2019-08-12
dotann,2,较差,书里说的道理我同意，可是能用一篇文章说完的事，硬是用奇闻轶事撑出了一本书，有点浪费时间。,2018-06-29
伊藤不二,3,还行,认真学习任何事情1万小时，你就会成为一名出色的流水线工人,2019-03-09
凌阿敲Cooling,5,力荐,觉得这本书啰嗦的人，大概都是无法体会到心理学工作者的良苦用心的。,2019-09-15
biubiubiu～🚁,4,推荐,不否认刻意练习的有效，但有一个问题是，个体形成心理表征的速度和自主性以及进行focus-feedback-fix it这个过程的效果都是有差异的，这种差异我觉得本身就是一种智商的差异吧。,2019-06-01
腰带知道,5,力荐,本书通过大量的案例和实证研究告诉读者：成为“大师”主要靠智商和运气，努力只占很小的一部分。令人动容。,2017-02-03
小波,2,较差,几个简单的概念反复写了一本书，我觉得啰嗦  ,2017-01-06
祀laker,3,还行,新收获:心理表征。,2016-12-02
虞美人,3,还行,用刻意练习来成为杰出人物！没有什么“天才”与“天赋”这种命定的东西！不要对自己设限，其实你可以创造自己的潜力、发展自己的能力！这么励志的话就是看这本书得到的。刻意练习三原则：专注、反馈、改进。你要有目标有动机有分解后的计划，走出舒适区，然后一步步前进，突破滞留期，永无止境地向前去。这本书是纲领性、理论性的，如何操作还需自己琢磨。,2016-12-26
Toska,2,较差,怎么说呢。。。除了心理表征其他的部分都不怎么靠谱,2016-12-14
[已注销],1,很差,再买罗辑思维推荐的书我是傻逼!,2016-12-31
2048ONE,3,还行,刻意练习最后三章根本看不下去，全是通过苍白的故事啰嗦重复的讲一件事情。 全书亮点在上半部分他对刻意练习的拆分和细讲都很不错。只能给三星，作者需要精简故事或者有更能说服人的故事这才是一本好书。说实话热销书里基本出不了好书,2017-04-11
弈笔弈画,3,还行,刻意练习的原则：目标明确；走出舒适区；有反馈，知道不足并改进。另外，年龄和天赋都不是问题，提高技能水平关键在于练习。全书事实论证比较多，论文味浓厚。,2017-02-25
Aura,3,还行,没有太多震耳发聩的东西，不太值得,2017-01-13
一只好运糖球🌈,1,很差,垃圾，反反复复的观点就是专注，练习，坚持！！这样的书都能到8分！快被骗的气死了啊!!!!（论豆瓣刷分的弊端)怒打1分,2017-12-01
Sra. Elisa,5,力荐,大多数时间我们都在重复做着无意识的动作，从这个自动模式中脱离出来就很重要了。一旦完成一个任务，不要马上进入下一个新任务，停下来，退一步好好的思考一会，有意识的选择下一件事你要做什么？,2018-01-01
,,6-,同类书籍的特点：一篇文章能讲清楚的问题用了一本书。然后一些时间管理、知识管理、学习方法的“导师”将它们的精神包装、售卖成上百甚至上千的课程。,2018-06-05
来远芳,2,较差,瞎几把翻译..,2017-09-26
开府仪同三尸,3,还行,一碗科学鸡汤。阐释了研习技能的正确法则，破除了高智商天才神话论。,2017-02-22
amour,3,还行,难看,2018-10-03
裙纸裙纸,4,推荐,对，就是这个词“心理表征”。,2017-11-17
飘零的小船,3,还行,标题就是主要内容，看书评就足够。,2019-11-27
林2姐,4,推荐,不信，我的一事无成肯定源于我的基因不好,2017-02-09
李嗲Lydia,3,还行,懂的人早做到了，不懂的人看完书了也学不会。,2017-11-19
知识管理咨询师,4,推荐,"半个月,读完也忘了讲啥了,😥",2018-04-01
局外人,2,较差,与很多成功学和鸡汤文类似，忽视智力差异，曲解基因作用，回避遗传学重要性.只浅谈父母教育，从不提来自父母甚至家族遗传对于某种才能的重要影响.,2017-01-11
summer,3,还行,花了几分钟扫了一下标题，不用浪费时间看。关键词：具体目标+专注训练+即时反馈+跳出舒适区,2019-08-07
阿和,4,推荐,"如果你在走神，或者你很放松，并且只为了好玩，你可能不会进步。
想办法稍微逼自己一下，但不要逼得太狠，这通常会帮助你搞清楚自己的“停滞点”在什么地方。",2017-08-07
,,4-,肌肉记忆,2019-04-14
二黑仔,3,还行,不断重复只是“天真的练习”，无法带来进步。“正确的练习”需要好导师、有目标、有反馈,2019-03-11
姑娘,4,推荐,看起来还是有一点枯燥的……,2017-07-07
王别树,3,还行,缺乏实操性，属于“道理我懂了，但没啥卵用”那类书，当然收获还是有的。开篇怼了一万小时定律这个励志鸡汤，随后进行补完：刻意练习、心理表征什么什么，大体就是得有好老师，有目的地长期练习，突破舒适区，及时获得反馈进行纠正改进。然后就是破除天才迷思，给我等庸众打打气。,2017-06-15
青木,3,还行,里面的各种故事就不值一提了。个人感觉练习最重要的还是专注、反馈和纠正吧。要不都是天真的练习，纯粹是自我陶醉，浪费时间而已。,2018-02-04
一个收银员,3,还行,核心“专注、反馈、修正”。,2017-05-06
summer吟游诗人,2,较差,极其啰嗦凑字数,2020-03-03
井行,4,推荐,对学习有认知上的改变。潜能也可以通过刻意练习来激发，方法真的太重要了,2017-04-28
猫姆,3,还行,从舒适区迁移到甜蜜区。废话多,2017-04-02
劈头士》睁木,5,力荐,已购。无论真假，写得非常撩人呐~~在某一专业领域的“天才”可以靠有目的的练习达成。首先需要找到好的导师（如果实在找不到，也可以用自己的方法训练，如富兰克林训练自己的文笔），其次需要反馈（类似于指出哪里做错了），最后专注地练习（稳步让自己脱离舒适区）。接下来在剑道和写作两方面来尝试,2017-10-25
光与影,5,力荐,"还是不错的，有启发，但是有时候觉得有些部分写的有点重复。
值得一读，值得一试，学习是一种方法，需要摒除偏见",2019-02-26
浅浅,3,还行,打脸那些自称“一万小时实践者”,2018-05-11
二月鸟,3,还行,"#听#书中金句

1. 所有人都以为“杰出”源于“天赋”，“天才”却说：我的成就源于“正确的练习”！
2. 让练习变成日常工作的一部分。练习是决定某个人在某个特定领域或行业中最终成功的唯一最重要因素。
3. 用刻意练习创造全新的世界。",2020-03-17
三日以往,4,推荐,产生兴趣，变得认真，全力投入，开拓创新。走出你的舒适区，以专注的方式制定明确的目标，为达到哪些目标制定计划，并且想出监测进步的方法，想办法保持动机。专注反馈纠正。,2018-11-14
叶籽猫,2,较差,论证的篇幅实在太多了，我们就是这么心急想要做法，做法，做法！,2017-05-31
丸子(^.^)v,5,力荐,"dilibrate practice is so powerful, in that it extracts only those effective ingredients in learning components.",2017-10-23
小欢欢,4,推荐,学霸养成记，心理表征,2018-04-17
黑心橘,3,还行,不算什么新观点，但还是值得终身学习者一读。作者重点批驳了天才基因论，也给格拉德威尔的1万小时理论做了补充。刻意练习=设定合理目标+有意识练习+高效专注+及时反馈+持续调整。,2017-08-09
gseed12,3,还行,= =論文注水成書，理論對一萬小時提出了修訂...提供了一個寬泛指導方法指引,2020-03-07
如电。,4,推荐,车轱辘话来回说 烫头的时候看的 烫完看完了 简单的道理写那么多字真是难为他了给个辛苦分吧,2017-11-22
墙壁眼睛膝,,2-,樊登,2017-12-30
力仆,4,推荐,听书的……挺好的，但是说小提琴是刻意练习就可以成为天才的…………好挫败,2019-12-29
等到风景都看透,4,推荐,刻意练习自己刻意阅读,2020-03-16
罗文益,5,力荐,还不错。,2016-12-09
木晴,3,还行,笨鸟福音，灭神之书。,2017-05-13
玄鸟西,5,力荐,"1、3F原则：
       1）Focus（专注）、
       2）Feedback（反馈）、
       3）Fix it（解决它）.

2、大师之路：
      1）产生兴趣、
      2）开始认真、
      3）全力以赴、
      4）开拓创新。
",2019-11-02
黄一一,4,推荐,重复来重复去，但是理论还是不错的，具有可操作性。,2019-11-19
董小琳,5,力荐,刻意练习有四个步骤，分别是：选择合理发展的行业领域，重点是，你选的领域，要有行业发展空间；然后是清醒有意识地投入，认识到自己在做的事情，是自动驾驶，还是有目的学习。之后，我们要制定“跳起来，才可能够得到”的目标，不要呆在舒适区里温水煮青蛙。最后是寻找优秀的导师，高手的策略都是反人性的，和他们接触会让你事半功倍。,2018-09-10
IamJason,4,推荐,没有天才，只有走出舒适区，有效刻意练习。,2017-01-24
虫语冰,2,较差,罗里吧嗦一大堆的例子，但干货只占五分之一不到的篇幅，扫一眼就可以了。,2016-12-24
Van,3,还行,工具书,2018-07-14
Fanta sea,5,力荐,兴趣+/eg:下厨房app，除了偶尔失手，简直万能,2018-02-15
Hilbert,4,推荐,保证充足睡眠和休息，做更短的更有效的训练，成年人可以通过持续不断的练习获得相应的技能,2017-06-07
Rouge,3,还行,3.5 精简是美德,2017-05-13
敦云™,5,力荐,我对里面提到的「心理表征」深有体会，高中有一场球赛踢之前我就想好了各种摆脱对手的动作，上场之后的盘带别人根本触不到我的球，那时候还不知道为什么怎么就变厉害了，早点读到这本书就好了，但是还不晚。其实里面一些想法自己日常也有想到，之前工作也有用到一点，只是没有作者这么全面。,2019-03-06
luffy_zozo,4,推荐,一分理论，九分阐述,2018-03-01
聆空,5,力荐,和部分方法论内容重叠，说明了可行性。不过也意识到实践和知识之间奇妙的关系，“知道”并不能改变什么。能运用这些方法去做出改变才对得起这本书的价值。,2017-11-06
深情的艾老师,3,还行,有点啰嗦,2017-07-21
守一,5,力荐,大师或天下的养成均离不开“刻意练习”，这个刻意练习：1、有目标且明白与目标的差距；2、找导师帮助，提供有效的训练方法和及时反馈；3、建立相关的心理表征；4、持续不断地坚持，离开舒适区；5、重点在不断纠正自己的不足之处。,2017-07-21
芝麻糊糊大尾,,9-,听过。。。,2017-09-22
游艺,4,推荐,确定目标不断改进，训练中必须专注，有及时的反馈，必须跳出“舒适区”进行训练；心理表征；行业有一整套成熟的评价标准和高效的方法；必须有一个能够给你布置训练作业和及时反馈的优秀导师,2017-08-20
梓,4,推荐,是的，翻来覆去地讲，超级啰嗦，但是道理和方法还是很受用的,2018-12-17
suisui,3,还行,9/4，买回来的书读完。,2019-07-16
王主任家的西,,9-,DD-1,2017-09-03
licheng47,4,推荐,只有敢于逃离舒适区的人，才能成为人生赢家。,2018-01-24
眸眸,4,推荐,关键是阅后展开实践，不仅仅是发掘自己的潜能，而且要“构筑”，让自己挑战不可能。,2018-05-29
[已注销],3,还行,一阵风一阵口号而已,2019-04-22
EBC学徒7093,4,推荐,20181126入学混沌大学2019商学院，看到刻意练习用作重要的技能习得手段，重读,2017-07-20
世界真无聊,2,较差,这本书是“怎么把一个道理水成一本书”的绝佳范例。它的材料本来可以组织得更有规律，可以展开来，更深入地探讨细节，然而作者把案例很浅薄地随意乱塞，把一个道理那几句话颠来倒去地讲。书评比书营养浓度高。,2019-01-14
◆鱼阿白@白◆,4,推荐,是不是应该去考个CMA出来练习一下这些方法？😂,2017-06-26
林木木,3,还行,偏学术类的书是真的有点啰嗦。对没能掌握的知识不停的反复练习，才希望能实践到今年的备考中去。,2018-01-14
七姐Claudia,2,较差,"太难看了！不知道是不是翻译得不好，枯燥无味！推荐中国人写的书，比如白岩松的白说，李笑来的和时间做朋友都要比这本写的好。
",2017-06-27
青洛,5,力荐,任何人的成功都离不开长期的刻意练习！,2020-04-06
御神木,3,还行,"有全局观念，知道评价指标，并需要大量有目的的刻苦练习，才可能成功。全书反复论证，如是说。
废话太多，论证案例并非对照实验，没有信服力。全本书可压缩成百字文章。",2019-09-08
一森大兄弟,4,推荐,有些冗杂，前后的较多例子阐述的观点接近，但是还是占据了较多篇幅,2019-01-28
kokoro,5,力荐,"2019.12.3 第十五本 星期二 在微信读书用听书听完了，提供了方法的指导，可以尝试。10集：专注，及时反馈，纠正
11集：跨越停滞期，只要方法对，大部分困难都可以克服/不存在毅力，长期坚持的原因在于：环境因素➕保持内在（和自己达成协议后再放弃）和外在动机（社会和朋友的肯定）-强烈渴望/精确设置小目标
12集：核心四步培养天才：产生兴趣，变得认真，全力投入，开拓创新",2019-12-03
瞬•间,5,力荐,通过一生的刻意练习，不断拓展技能、潜能和人生维度。,2017-08-06
吹毛里求斯,3,还行,滨江区图书馆 b848.2/1200/1 创建心理表征，跳出舒适区，专注-反馈-调整的练习。,2019-01-14
最伤今,5,力荐,三个要点:舒适区、反馈、心理表征，全书围绕着三个话题论证。这本书有强实践倾向，光读理论，不去做，没用。,2018-05-11
弗兰克尔,4,推荐,长时工作记忆，心理表征,2018-10-31
暴走粽子,4,推荐,"检视自己的目标，心态，方法和执行力，重视反馈，调整和外部动力，而不是仅仅感叹着“理想很丰满，现实很骨感”。

娱乐的心态很不错，但实际能力和专业技能，仅仅有娱乐心态是没法提升的。产生兴趣并不难，难的是“开始认真并坚持”。

说白了，有些事情上就得对自己狠一点。",2019-11-07
深深2,4,推荐,"天才是可以练习出来的。
机械的练习并没有太好的效果。
刻意练习就是逼自己离开舒适区，每次进步一点点。
知识是手段，技能是目的。为了获得某项技能，分解所需要的知识点，进行专门的练习。
教练，反馈很重要。
三个F foucs feedback fiz",2017-12-05
Satan,5,力荐,今天编码了00-99，背出了52个数字，打算练习十小时看看能背出多少。,2017-07-10
混沌君,4,推荐,"音乐、舞蹈、棋艺、体育等领域的杰出人物，无一不是在青少年时代花了大量时间做刻意练习，他们花的时间接近一万小时。刻意练习是的特点是（1）划出专门的时间专注练习 （2）练习后发现自己的不足，琢磨改进的方法，精益求精 （3）每隔一段时间有导师的追踪和指导。
想在某一领域提高水平的人，应该每天花至少一小时的时间，全神贯注地进行练习。如果走神，或者很放松、只是为了好玩，很可能不会进步哦！
大师曾经走过的四个阶段：（1）产生兴趣； （2）变得认真（开始跟入门老师学习，自己也认真练习）；（3）全力投入（第二阶段的入门老师已经不足以指导了，要跟随领域内的大师学习，而且自己要花更多时间学习。很多人停滞在第二阶段就没有前进）；（4）开拓创新 （经过第三阶段，成为了领域内的杰出人物，之后又创造出自己的特色）。
",2019-06-28
惶然芝士,4,推荐,名符其实，整本书举了大量的事例，围绕刻意练习四个字展开描述。201705@amazon,2017-06-06
小虎,4,推荐,啰哩巴嗦,2020-02-07
Sol,3,还行,喜欢里面有关音乐、练琴的例子；“完美音高”的部分很励志！“心理表征”这个概念，如此重要，却不够清晰。,2018-04-05
木木天,4,推荐,对于它要表达的观点方法来说有点厚～也许是我读的时候有点急躁～,2018-06-26
Elise·S,4,推荐,Representation是信息在头脑中的呈现方式，可以说是“对自己想达到的程度有一个概念”。,2017-04-05
Ygritte,3,还行,三星半。有目的、有回馈、有改进的练习可以增强技能。道理如此，知易行难啊～,2017-07-22
刘小流,3,还行,其实谁不知道呢，明明都知道没有认真地活。有点价值吧，畅销书都是“预设结论，选取例子”的堆积，读者估计看到例子都跳过。1小时读完一页笔记。,2017-03-27
刘喜胖儿,4,推荐,把整本书挤压成一句话就是，不要给自己下任何结论，只要通过有效的练习，每个人都有很大的可能性成为某一领域的佼佼者。,2017-05-11
AngelicalDevil,4,推荐,需要重读，再写。,2019-12-30
Farmingosi,,8-,就适合别人用两倍速迅速念给我听完就过。这么说来逻辑思维得到app还算是有用，但有些时候不适合，可是好书恰恰还是需要自己来读，花时间读的。（我以为这个app会有特别大的创新---别说创造力吧，但是不过是大型微信公众号，现还得花钱了）,2017-08-31
康,,2-,Focus Feedback Fix,2020-02-26
凝眉,4,推荐,整个口译学习的过程，就在于刻意练习。via得到，2倍速听完真爽。,2017-09-02
midoliumi,2,较差,一本用书名诠释了整本书的自我管理,2019-12-28
善水（音系语,,7-,如果你能够，持续不断地训练一个东西，最后你会形成一套完整的习惯，你非常容易地就能够做到很高级的水准，因为这时候决定性的是次数。,2019-07-10
J's,5,力荐,近来最好的一本书，理智，有效，简洁。做到其中任一点都很了不起了,2017-07-21
麦田夜莺,4,推荐,没有天才，只有刻意练习：1.“有目的的练习具有定义明确的特定目标”2.“有目的的练习是专注的”3.“有目的的练习包含反馈” 4.“有目的的练习需要走出舒适区”。如此坚持，离大师不远。,2018-06-14
鹜琅,3,还行,特定的目标，专门的时间，高度集中的注意力，及时有效的反馈，满足上述条件的练习必能成就高手，无论天资。,2018-09-21
｀Will。¨,3,还行,太啰嗦了……,2017-03-22
不打伞,3,还行,"1.刻意练习包括：专注、反馈以及修正
2.任何新生成为大师都要经历先是兴趣，然后认真，最后刻意练习。
3.给自己规划计划、把大目标拆解成小目标，走一步给自己搭一个梯子。
4.单纯重复不是刻意练习。

",2019-02-02
醉酒的黄艾伦,5,力荐,建立心理表征,2017-04-05
❤不恬,4,推荐,太冗长，可以压缩到一半。,2017-09-18
无名之辈,5,力荐,看完之后太激动人心了，人生又有希望啦！！,2019-04-03
风行水上,4,推荐,有启发……原来快练慢练要结合，理解背后的故事和创造动机，注意回听，想尽一切办法接触和练习，和人一起练习，主动创作和改编，都是能提升音乐技巧的办法。,2020-02-21
离辰,4,推荐,前半部分给了我很大启发，很值得仔细阅读来琢磨一套自己的刻意练习方法，后半部分废话有点多，都是一直在举例论证观点,2017-07-21
三月里的四月,4,推荐,2019年第二本重读之书。本书最重要的一个观点是：任何人通过建立心理表征的方式，有目的地进行刻意练习， 都可以实现自我超越。而且这种进步超越你的想象，因为人的潜力是没有极限的。,2018-12-11
鄧啫喱,5,力荐,我喜欢书中心理表征这部分内容，简单来说就是发现做事与学习的方法规律，更能令你事半功倍。,2018-05-21
Zerro,4,推荐,用科学理论和统计数字熬的一碗鸡汤。反复练习、及时反馈、正确方法是成为专家的秘诀。,2017-09-27
行之,5,力荐,流传甚广的一万小时天才理论并不确切，司马贺的弟子埃里克森新书介绍了背后的学术脉络：大脑的可塑性，心理表征，有目的练习，刻意练习,2017-12-17
夏洛澀,3,还行,#201705# 被标题骗了- -这是认知论不是方法论啊，当故事书看还不错,2017-04-05
傅临春,4,推荐,实用性很强，可以按部就班地操练起来。,2018-09-09
王一刀,4,推荐,"理论版的《The Art Of Learning》,为通过有效练习取得成功提供了完整的理论基础",2019-02-08
樊小红,3,还行,正确的练习需要好导师、有目标，有反馈。,2017-07-17
影启缘末,4,推荐,专注，反馈，调整,2017-04-12
轮回之树,4,推荐,理论有点意思，不过是方法论，不是指导手册。觉得谈方法和理论是在灌鸡汤的，那爱因斯坦岂不是也是鸡汤大师？,2018-12-24
弗里达的阳光,3,还行,啰嗦。看完前言，然后看看评论就可以了 ,2017-07-21
随喜,4,推荐,"1.天才是可以修炼的；
2.高人指点胜过瞎琢磨；
3.不断挑战舒适区；
4.练习，及时反馈，练习的循环才是有效的刻意练习。",2017-11-28
housEnuS,5,力荐,kindle,2019-02-21
BWV八核,3,还行,20170621 kindle,2017-06-23
灰烬~,5,力荐,更多的练习时间，不断反馈的纠错，循环中进步,2017-10-06
一,,4-,练习提升智力，有目的有提升的练习，有纠错和反馈，将好的东西形成习惯,2019-04-23
音lena,4,推荐,虽然有一种“伪正能量”，但还是想相信：付出心力，有目的的练习，可以尽量成为想成为的人。【2019.10.27】,2019-10-27
行✈知,4,推荐,脱离舒适区，反复练习，适应水平，如此循环，命运掌握在自己手中，这更像是一本励志书,2017-12-11
Cherry,5,力荐,最近花时间最久的一本书。将近十天。笔记抄了很多页，刷新了很多认知。推翻了“天才论”和“一万小时定律”。有原理，有实验分析，有详细的方法论。做一个“练习人”，看完感觉人生又有了希望哈哈哈。对教育培养女儿也有很大启发。,2017-09-29
陌上亦初,5,力荐,前后看了两遍，写了书评。深深觉得，无论什么事，你只要下定决心，找对方法，勤勤恳恳地练习，庸才也能够变天才。,2018-12-16
振之,3,还行,这本书删减掉一半的内容就能算得上是一本挺好的书了。,2017-04-11
阿古,4,推荐,书评说这本书啰嗦，一脸懵逼，难道有价值的不就是这些琐碎经验？反正更新我的一些认知。比如品酒师品酒的不稳定，可能此行难以有所谓的大师。,2018-09-01
陈陈,4,推荐,一万小时理论强调长时间练习的重要性。这本书则告诉我们：能折腾就一定要折腾,2018-03-27
Mantra,4,推荐,行文啰嗦，且趣味性与颠覆性没《异类》那本强，所以相近篇幅，这本读起来略枯燥些。但书中的几处观点还是有非常有启发意义的！方向已被指明，前进路径自需探索。,2018-09-19
老马,4,推荐,世界上本来没有魔术，练习的多了，手法精湛到一定程度，在别人看起来也就是魔术了。,2019-11-29
[已注销],3,还行,仅对一些需要大量经验积累和机械性重复的领域有效。如果追求真正的创造力，还是得靠天赋,2019-07-10
Cyborg.z,4,推荐,论点挺清晰明了论据反而略啰嗦。此刻正非常需要这样的鸡血&鸡汤。有句话不是说得好：以大多数人的努力程度之低，根本轮不到去拼天赋。,2018-02-28
elwin,,1-,听完FD，最有价值的就是书名四个字，要想在某领域成功，就做好这四个字。,2019-01-10
Bulle,,2-,10月初,2019-12-04
Verändert,4,推荐,迎难而上,2018-01-10
Santiago,4,推荐,完美音高是可以训练出来的 高强度的刻意训练 伦敦出租车司机 盲人 大脑生理结构的物理改变 有效的练习 正确的心态 有目的的训练 不断改进 反馈 跳出舒适区 训练心理表征 合理发展的领域+导师 刻意训练的原则 美国海军 越南战争,2017-12-09
良生。,2,较差,可以再简洁一点,2017-05-01
,,7-,"有目的的训练：
（1）获得及时的反馈。（2）突破舒适区的训练。（3）优秀的导师。
自学
寻找反馈
第一流的给你反馈，是最为重要的！",2017-07-22
马,,5-,与如何阅读一本书，高效学习法则一体。,2017-05-08
桂丝鱼,3,还行,反复地告诉读者要进步就要多练习，不断练习，反复练习。,2017-10-02
宽宽宽叔,3,还行,这书真特么啰嗦，如果结尾能将道理缩成一页，让读者撕下来贴墙上每天看，就好了，可惜并没有这样做……,2017-06-27
何飞白,4,推荐,虽然如此……我还是相信有智商这个因素的存在,2019-02-09
Zero to One,5,力荐,稍微有点啰嗦，但是看了以后感觉打了鸡血。,2018-10-07
masterplan,2,较差,"太啰嗦的书以后不看了 
""practice skills, not acquiring knowledge which will comes as a result of using those skills""",2018-06-13
轻舟,1,很差,感觉只是说了一堆事迹证明题目，要刻意地练习。樊登读书会听读。,2017-06-16
鳗鱼札记,4,推荐,方法和安慰，不断,2017-09-19
和梦无,4,推荐,有方法，才有产出,2018-10-11
和光同尘,3,还行,要早，要多，要专注，要反馈，要激励，要不断探索边界。,2018-06-12
丁丁,4,推荐,给浮躁社会的一剂良药，那就是反复的练习,2017-03-29
hash,4,推荐,行动指南,2017-11-08
桔梗,5,力荐,心理表征,2017-12-17
V.O.S,4,推荐,从128页开始终于讲正事了。第二个感想是，对天赋与努力思考得更细腻，不再非黑即白。通常如此之后，都没办法再说出斩钉截铁的偏见了。对稍有天赋同时刻意练习的人充满敬佩。,2018-08-03
Vince,3,还行,1. 有针对性的，长时间的刻意练习，可以提升大部分能力，和智商，天赋关系不大。2. 大量的练习有助于建立“心理表征”，进一步提升练习效果（熟能生巧，庖丁解牛）3. 以上两句话写成了一本书，高分还是低分呢...,2017-09-18
香草山,3,还行,对此书最大的感受是作者把很浅显的道理用逻辑，数据，实验和事实重新包装梳理了一遍。,2018-10-01
Steven,4,推荐,看完仿佛对生活和人生又充满希望，你离大师只差努力和方法，但总觉得没点天赋谁都无法成为大师。,2019-09-07
Mitsuo,3,还行,180525等千岛湖资料时看了下 第六章动机 180302 引：“一旦进入较高级阶段之后，刻意（有向导有意识）练习将会产生更大的影响，直到继续增加练习也不能明显提高效果为止”,2018-05-25
小乖不乖,5,力荐,2019.2.11晨听。（之前看过纸质版的，没标记）,2019-02-11
米饭不熟,5,力荐,学习方法,2017-05-21
米娅,3,还行,进入到完全陌生的领域并能坚持重复练习，它们会在时间的深度和长度中慢慢生长，给你带来始料未及的惊喜。快节奏下Multitasking看上去很酷，可是如果能能留出心流时间，不保留的付出，做好一件事，爱一个人，这种常人看起来乏味又难以坚持的，才是最了不起的,2019-08-22
Copperfield,4,推荐,提的观点不错，但论证的例子有点单薄，翻来覆去的几个案例，前期的铺垫也太长了，要是能直接讲明核心观点，会更值得,2019-12-28
Instead,4,推荐,原来天才并不是天才，只是那些不断刻意练习的人。,2020-02-24
BEIKGH,1,很差,这本书应该改名为如何把一句话变成一片论文，如何凑字数，如何骗稿费,2017-11-29
[已(手动)注销],3,还行,太啰嗦，内容大概在150页左右就可以阐述完的。找电子版出来看看也还可以。,2018-08-31
龙小姐,1,很差,怕是一篇特无聊的论文吧。。,2019-04-05
夏天结束了,4,推荐,人人都可以通过刻意练习掌握一项技能，刻意练习是有目的的练习，关键是接受反馈之后调整和目标之间的差距。,2018-01-15
羊咩咩的剃须刀,3,还行,800字的内容也能写成论文集！！,2017-10-24
我是毳毳,3,还行,还可以吧作为工具书，案例确实太多了点，很快的翻过去，收获是意识到不管干什么都得带脑子，要不时间就白搭了，比如现在总结自己都吸收了点儿啥。还有就是要将练习融入生活中形成推动自己向前的习惯。Focus-Feedback-Fix it,2018-07-14
凌霄,3,还行,最佳学习方式并非独自练习，而是在情景中练习（工作，比赛，项目）刻意练习的难度要适中，能收到反馈，足够多次重复练习，能纠正错误。心里表征最大效益化：专注，反馈，纠正。网易蜗牛APP阅读每天一小时。本书其实并不适合全部阅读完毕，因为很多例子都是为了佐证作者的观点。重复啰嗦的很。,2017-05-08
硅胶鱼,4,推荐,很有启发，有些可以直接实践。偏啰嗦减一星,2017-04-07
howie.serious,4,推荐,【熊书007】1、如何把人人都知道的「学习」变成大师和高手一路走来所依靠的「练习」？这本书给出的答案是「心理表征」。本书没有讲清楚，但分解开，就是事实性知识、概念、模型、知识树。2、大师如何从新手一路走来？实实在在的才能，如何从无到有一路训练出来？本书引述的bloom的研究给出了答案(1985，developing telents in young people，才能培养的3阶段理论）。3、人人都知道教育要改革，学习的方式方法要改变？背后是在美国教育界火了几十年的精熟教育（mastery learning）。从知识导向到能力导向，从灌输到练习，这揭示了21世纪教育和学习的范式转换方向。虽然过程会很漫长，但这是一条必然之路。,2017-05-01
W,4,推荐,4- 啰嗦。。。,2019-07-21
剑飞,5,力荐,碎片化时间看完，做了很多笔记，麦老师帮我誊写了纸质书的笔记。看这本书的过程中，回想起很多《哪来的天才》书中的内容。刻意练习本身并不是让人舒服的。在阅读过程中，刚好每天都在珠江新城的进行语音写作的刻意练习，很有感悟。相关笔记已经导入到为知笔记，抽时间发送到博客。 ,2017-06-24
少楠 Plidezus,4,推荐,纯粹的重复并没有什么卵用，要的是不断的突破自己。,2017-01-13
2025前买房了,,9-,未完待续,2017-09-03
Etenally,4,推荐,偏学术的书，如何将刻意练习运用到我的工作中，是目前需要思考的问题,2017-03-11
锡兵,4,推荐,肥肠打鸡血的一本书，尽管反复唠叨的的都是我已经知道的，还是非常能激励自己的。,2018-01-13
颜先生,4,推荐,如果能缩减至三分之一的内容，肯定是一本好书。很多年前对一万个小时理论很痴迷，现在终于搞清楚了“正版一万小时理论”的要义。,2018-09-18
西瓜,,2-,Mindful learning and practice,2017-02-12
影蝎藏乌,4,推荐,畅销书的路数。其实畅销书的写作模式是很值得借鉴的，尤其是对于需要进行报告写作的人。书里面有一些可供借鉴的内容，至于有没有效果，只能说希望有吧。,2017-07-02
54miracle,5,力荐,看完很震撼，1、驱除了对学习任何新东西的恐惧感，只要知道一点，任何事情都是可以学会的，2、正确学习非常重要，通过可以练习的方式可以快速完成很多不可思议的学习过程。,2017-01-28
IMMAX,5,力荐,´_>`这本书在摘录笔记方面不是很亲切呢…,2017-01-21
纤纤君,3,还行,一万小时理论其实有缺陷，要带目的性反复练习不擅长的部分才有用，另外循序渐进。例子太多导致读起来略冗长，如果简洁点可以给四星。,2017-02-23
杨小冬,2,较差,超级啰嗦，会花很多页来举例说明一个明显为真的道理…而且理论居多，实操性较小，笔记下来大概是：找一个优秀的导师，突破舒适区，针对自己不擅长的部分练习并寻求反馈（依然是大家都知道的东西啊！,2017-09-15
[已注销],5,力荐,"前几年流行《异类》和《一万小时天才理论》，寡人看介绍和目录大致知道怎么个意思，但寡人脚得事情没这么简单，所以都没读，豆瓣上甚至有人进行一万小时训练的“打卡”记录，寡人更是脚得哪里不对劲。前不久在亚马逊看到这本《刻意练习》直觉是走对路了，今天看到三分之二，脚得这才是关键，虽然并没有很多""干货""，但想起曾经几次如有神助的时候确实与刻意练习的方式相符，所以这本书打4星，再为纠正“一万小时”加1星",2017-01-10
軒轅鍾書,4,推荐,比一万小时理论更具有操作性。刻意练习需要：特定的目标、专注、包含反馈、走出舒适区。有导师的话，可以帮助设定目标并能获得切中要害的反馈。自己的专注力需要通过冥想等训练，同时需要通过较好的心里表征（具象、联想、关联）以记忆在大脑里。具有挑战性的事情，才能帮助自己走出舒适区。,2017-08-03
小重,4,推荐,"#2019#13本# 2019.9.8
2017/3/14 初读未读完
2019/9/4  重新阅读   9/8读完",2019-09-09
MetalDudu,5,力荐,“刻意练习”（deliberate practice）就是遵循有效方法，突破舒适区，专注特定目标，及时反馈修正，产生良好的心理表征进行大量的练习。比起一万小时，本书有实验依据和实例，值得一读并实施。20170111,2017-01-13
strider,3,还行,第二次看这本书，最大的感受就是写的太啰嗦了，砍掉百分之九十的内容都没问题。,2017-01-12
zmk,3,还行,认知心理学中研究过技能训练的相关问题，证据表明将任务分解然后对每一部分进行反复强化训练的方法最有效。,2018-04-07
地瓜周丨读书控,4,推荐,产生兴趣，变得认真，全力投入,2017-06-01
muzer,3,还行,和《哪来的天才》讲的东西差不多。阅读体验不好，太啰嗦，作者应该刻意练习一下自己的写作技能……,2017-06-15
枫言,5,力荐,激发了我后续阅读兴趣 一本书,2016-11-24
干菓子,3,还行,"只要运用刻意练习，人人都可以成为杰出人物。

几个关键词
保持动机，掌握方法，拥有毅力，及时反馈，心理表征

比较触动我的点
1. 相信自己，人类无极限，人类的适应力允许人类无限发展。
2. 练习方法的重要性，走出适应区，有目的的练习

———————更新一下———————
感觉每个人其实都或多或少有这些模糊的认识，只不过被作者点了出来。
实在是太啰嗦。",2017-03-22
greenhands,5,力荐,很有说服力。,2017-01-03
CAROL REN,5,力荐,2019.11.11 看过并做第二遍笔记，梳理与学习方法有关的习惯，替换掉一些原有的，不合用的低效习惯。方法的效率，有效反馈的密度，然后才是专注与投入，有正确的方法，产生正面的结果，才不辜负自己花费的时间和精力。许多学校系统认为理所当然的观念和方法是低效和误导的，拿来使用比对，货比货的去审视时就可以看清楚。,2016-11-30
妳妳妳妳妳,4,推荐,2017.32 概念很不错，但写成书实在太太太太太太太啰嗦了。,2017-08-14
金刚福禄蛙,3,还行,"5,6章比较有用，其余可以简单读读，7分",2016-12-29
文倩,4,推荐,由大量实证得出的结论，还是比较可信的。对比国内的各种成功学速成书，好太多。所以不要嫌啰嗦。另外，这本书打破了意志力和天才的神话——“只是成功后由别人加上的标签而已”,2018-01-25
rayliao,3,还行,确实篇幅没必要那么长，全书无非一个思想，要有方法的去学习，而不是无脑的重复。,2017-02-08
叮当想旅行,2,较差,弃。太啰嗦，以及干货很少。,2017-02-09
deja v,,3-,2017-10-8第二遍,2017-03-22
杰德的十四行,,1-,走出舒适区，站在最近发展区内，坚持坚持再坚持！,2017-01-04
好大无畏,5,力荐,只读推荐序言就够了：1、一万小时是虚指，每个行业需要不一定的时数，要取得成绩都需要投入大量时间，让量变升级成质变。2、训练要有针对性。不要重复已知内容，而应该对以下内容投入时间：难点、突破点、未掌握的知识点、关键点。3、在实战中练习：音乐家应该多表演、金融从业者应该投入市场、从实战的反馈中找到需要升级提高的地方。4、不要单打独斗闭门造车。要找有经验的老师指导，找学习小组交流。5、找到 Benchmark，拆解训练模块，建立心理表征（概念式结构），专注地练习，根据反馈不断纠正、调整方法，逼近训练目标。天才并不神秘，本质上就是个（自我）引导和监测的逼近过程。,2019-12-14
Crazy dancer,5,力荐,陆陆续续看的很仔细，买了纸质版的。最后的结果是通过“刻意练习”成为终身学习者。而且可以做到自己边界的极限。具体操作要一步一步来。应用和技能对人的影响超过知识知道对人的影响。建立储存良好的创建心理表征。有循序渐进的目标和计划、有好的老师，有及时的反馈。和前两天看完的《学习之道》一起复习。,2017-04-14
元气满满大姐姐,2,较差,真的是啰嗦到捶胸顿足，好焦灼啊！,2017-06-06
Kidult,4,推荐,找到 Benchmark，拆解训练模块，建立心理表征（概念式结构），专注地练习，根据反馈不断纠正、调整方法，逼近训练目标。天才并不神秘，本质上就是个（自我）引导和监测的逼近过程。,2016-12-28
fenglong88,3,还行,在中国这些东西并不新鲜呀。我们培养的“神童”不少了,2017-01-07
tina,5,力荐,持续通过有反馈的刻意练习，创建心理表征，提升自己在某领域的水平。重在掌握怎么做的技能，而不是零散的知识点，这点很重要! 不要迷信天生才华，正确练习，你也可以提高，持续正确练习和思考，你也可以成为专家!,2017-02-28
苏听风,4,推荐,"很多时候，我们都认为天才和大师有时候是天生具备某种才能，这本《刻意练习》的书”揭发“了这一秘密。曾经的一万小时理论疯传，反复用同一个方法练习有时候并没有用。书中以下几个方式值得参考。
1、设制目标、设计有目的练习方法。
2、建立标准、及时反馈练习的信息，并修正练习过程。
3、创造心理表征、找到导师。
4、走出舒适区、挑战自己。",2016-12-22
世界美如斯,4,推荐,重读。2017年8月16日。,2016-11-08
喵呜,3,还行,E,2018-12-05
向远,3,还行,看看书评和笔记也能GET到核心内容了 ,2017-07-20
黑瓣儿,3,还行,讲的很有道理也很值得一试，看完以后觉得相见恨晚。但是简单三句话的道理车轱辘话写了这么厚一本书，还是觉得有些罗嗦。,2016-11-20
Gary Li,4,推荐,易读性上显然不及《异类》，但应该更接近真相，对于立志学点什么的人会有帮助。,2018-01-07
DHfly,4,推荐,这本书提醒了我们一个儿时原本知道但随着尘世浸染反而渐渐遗忘的道理……,2018-08-31
JInnG,,1-,太啰嗦,2019-11-27
sunny,4,推荐,干货还是有的，但是分散在了长篇大论里，后半段比较密集。对建立心里表征、不断挑战自己、持续强化训练、天才不是天生等内容都比较认同。我是一直喜欢画画和想要学习尤克里里的，书中的观点让我又燃起了对这两项爱好的热情，哈哈,2018-03-12
成为火影的男人,4,推荐,经测试，我的专注力极限是每天11个50分钟，超过这个后只想睡觉。如果连续专注时间为3个小时左右，非思考型专注(比如画画)可以到6个小时……所以很难理解那些连续专注15个小时的人是不是把发呆也算上。一天工作八小时是有道理的，说不定加班长期来看对效益是得不偿失。,2020-04-04
嘿嘿嘿,3,还行,"主旨就是书名，方法就是书名
3F：focus feeback ",2020-03-31
可购 啊尼 维,5,力荐,10分钟读完<刻意练习>,2020-03-31
条乐,5,力荐,@2020.03 非常赞的一本书！做了一个思维导图重构成适合自己理解记忆的框架。有了方法论，攻克新领域更有信心！,2020-04-01
艾藇,3,还行,道理我都懂。,2020-04-01
骑蜗牛的小蘑菇,3,还行,有些内容确实挺有用，但也太太太太太啰嗦了吧。作者是把读者当幼儿园小朋友了吗？废话连篇,2020-04-04
三脚猫,3,还行,成为某领域行家的几个必要条件：动机，专注，i+1，反馈，提升,2020-04-01
侃,,4-,怎么这种类型的书都有点名不副实,2020-04-01
明明,1,很差,简直不知道这个7.9的豆瓣评分是怎么打出来的,2020-04-01
東雲,3,还行,“若想成为专业技能化人才，必须走出舒适区，不单靠1万小时理论打鸡血。”,2020-04-01
思靖,3,还行,两小时内读完比较合适。信息量一般，不值得花太多时间。,2020-03-21
枕鸿,5,力荐,与领域最好的专家互动，形成心理表征，从而像专家一样思考。,2020-03-22
dear莹火虫,4,推荐,刻意练习是一种高效学习方法，其主要目的是通过创建心理表征来进行思考。,2020-03-26
SummerWindy-_-,4,推荐,"一万小时理论的数据故事论证过程。通过不断地练习达到对事情有心里表征的意识(心流)，然后针对瓶颈刻意练习就能突破自我不断精进。能够走出自己的舒适区，重复的训练能够达到专业，不断的突破上限才能成为专家，突破上限有很多方法，寻找导师，互联网交流，自我暗示等~  可以从这么多故事中更多体会到妈妈常说的一句老话""行行出状元 只要肯专研""",2020-03-30
行歌,3,还行,该书关键词：心理表征。刻意练习就是为了创建有效的、细致的心理表征，以此指导自已的行为，时时给予纠正。心理表征类似一个链接，点进去就是对某概念的理解。如何探索自已的心理表征？“在完成任务的过程中停下来，请描述当前的情形、已经发生了什么，和即将发生什么。”找出最杰出的人，知道跟他的心理表征的差距；花时间辨别在哪些方面可以改进，然后设计出有针对性的训练方法去刻意练习，要全身心的投入，把自已逼出舒适区，又不能过于tough；要有及时反馈。这些正是该书总结的刻意练习三要点：Focus，Feedback，Fix it.,2020-03-28
三味闲闲,3,还行,核心是要有目的地练习，其实也基本是学习的通行公理，运用好前人摸索出的技巧，走出自己的舒适区去努力，分解目标，建立反馈机制等。道理都懂，实践才是难点，得自己有超强的动力。,2020-03-16
瓜瓜,4,推荐,"核心理论：制定好可量化的目标（辨别杰出人物推测原因），掌握科学有效的方法（好导师和及时反馈），通过有目的的专注投入练习建立高效的心理表征（敏锐察觉练习中的错误），有效则坚持，无效则找问题并调整。
其他可取之处——
1.常见错误思维：用基因等借口给自己设限（红灯思维），长时间做某件事，只需努力即可。
2.医学领域说教式知识传播很低效。
3.练习时分解技能进行反复。分解成可控目标并设置奖励。
4.停滞期用新的方式挑战自己走出舒适区。搞清楚原因并针对改进。
5.保持动机：弱化停下理由（留出固定时间，找到干扰并控制影响到最小），增强继续倾向（相信自己可以成功，社会动机、加入团体）",2020-03-19
文Sir,4,推荐,重点就是有目的的练习，同时找到更好的更适合自己的练习（学习）方法，并且建立良好的心态,2020-03-28
摇摇乐,4,推荐,方法论不错，例子太多了,2020-03-16
Li ·a,2,较差,不是全然无理，也不是一无所取。用一本书的篇幅告诉你不要无脑练习，要带难度有导师有反馈还要趁年轻，这作者和记数字的人一样不可思议。,2020-03-18
夕年种柳,4,推荐,训诂天生就带着说教的原罪，更何况教你如何学习“学习”这么变态的一件事。,2020-03-23
EN~,5,力荐,太好的书,2020-03-21
小确幸,3,还行,focus feedback fix it,2020-03-24
沈落舟,5,力荐,给人以信心。我之前就告诉自己：人最大的限制就是自我设限。只是给自己的鸡血，这本书告诉我，我是对的。没有什么能阻挡人真正前进的脚步。,2020-03-30
有人喜欢红,4,推荐,从来就没有天才和捷径，一万小时定理也只是到达终点的必要条件之一，找到一位好的导师、确定可分解的目标、获得及时反馈持续纠偏、保持专注与动机…所有的条件组合，才是通往伟大的必经之路。理论非常好，但写作者太拖沓了，有几章有骗稿费的嫌疑。,2020-03-17
林活泼泼地,3,还行,书的名称即为核心重点，全书通篇都在通过各种研究各种数据各种事例，如车轱辘话一般在反复说明，刻意练习是比“一万小时”更深刻更高明的学习理论。客观来说，里面很多观点是不错的，但无需如此篇幅来说明啊。看此书最大的意义就是，看完后立马抛开它，然后开始刻意练习。,2020-03-27
婴儿婪,3,还行,"“有目的的练习，或者说刻意练习，其标志是你努力去做一些你无法做到的事情，去完成一些处在你的舒适区以外的任务，而且，你一而再再而三地练习，着重关注到底可以怎么做好它，在哪方面还有缺陷，以及你可以怎样进步。”

有点冗长，用了大量案例，看看小标题就够了。",2020-04-02
栗子,3,还行,量化，专注，反馈。实现技能迭代和水平升迁。方法很重要但关键还是专注力。,2020-03-30
Treasur,,3-,用大量的案例说明了大概就两页纸的概括,2020-03-25
Lizeth,4,推荐,天分都是通过正确的刻意练习得来的 没有谁只凭天分而不去努力练习就可以得到成功 有个好的导师建立有效的心理表征可以事半功倍 好的导师不是那些评论里描述有趣轻松的老师 而是能帮你找出症结所在顺利渡过停滞期的人 跟认知天性前后脚看的 两本书互为补充 对如何学习有了新的认识 也反思自己以前上学时为了追求名次而去学习 并没有真的去学 而是为了显示自己的能力 而不是不断地挑战自己的能力 正确认识挫折 也是学习的一部分 更能鼓励自己迈上下一个台阶,2020-03-28
